Title,Google Drive Links,Mediafire Links
Tera Mera Pyar Hai Amar Complete Pdf Novel By Naz Khan,https://drive.google.com/file/d/1uiZfgOyXnDYvPcWU8TJaFq-2SqW3dYHk/view?usp=drive_link,https://www.mediafire.com/file/wfj3p9q6qnoh6g2/Tera+Mera+Pyar+Hai+Amar+Complete+Novel+By+Naz+Khan.pdf/file
Dao Par Free Pdf Novel By Areej Chaudhary,https://drive.google.com/file/d/1EMxq3uW5fvEvEtz3zkH0ZydrY3npFsPO/view?usp=sharing,No Mediafire Link
Bin Kahy Free Pdf Novel By Namal Khan,https://drive.google.com/file/d/117gyvk1Gxr7GwkOjjGtxNiPhOFNX7SAK/view?usp=drive_link,No Mediafire Link
Ishq E Mamnu Pdf Complete Novel By Sana Batool,https://drive.google.com/file/d/1_o93geN-EcdBhbusjLBHMjeLNM_YjwiV/view?usp=sharing,https://www.mediafire.com/file/cg8uk1ygltmj0ej/Ishq+E+Mamnu+Pdf+Complete+Novel+By+Sana+Batool.pdf/file
Evil Love Free Pdf Complete Novel By VenisA Doll,https://drive.google.com/file/d/1dfwZC5OJngEsKrL4LdFsqPi6XBWM_i6b/view?usp=sharing,https://www.mediafire.com/file/hrzmilnzl7h0ejv/Evil+Love+Romantic+Novel+By+VenisA+Doll.pdf/file
Qaid E Mohabbat Free Pdf Novel By Umm E Mavia,https://drive.google.com/file/d/1LrpEEwJxp4bXIibgnUI1kf0QUXHxvKV-/view?usp=sharing,No Mediafire Link
Amaan Parwarda Free Pdf Complete Novel By S Merwa Mirza,https://drive.google.com/file/d/1iBKqApX9QAxaez1lZoU5UQMqC7_S7t4A/view?usp=sharing,https://www.mediafire.com/file/rx2xhkfxqqiwds2/Amaan+Parwarda+Romantic+Novel+By+S+Merwa+Mirza.pdf/file
Ishq E Momal Pdf Complete Novel By Maimona Kanwal,https://drive.google.com/file/d/1egG1eirGhM_adw-9Lvk1fo8RHfXCEkwU/view?usp=sharing,"https://www.mediafire.com/file/4jhtlkon5kg4mvi/Woh+Mera+Ishq+Hai+Romantic+Novel+By+Faiza+Nazeer+Ahmed.pdf/file, https://www.mediafire.com/file/4jhtlkon5kg4mvi/Woh+Mera+Ishq+Hai+Romantic+Novel+By+Faiza+Nazeer+Ahmed.pdf/file"
Manzil E Intezar Free Pdf Complete Novel By Dua Jaffry,https://drive.google.com/file/d/1nvUsDXGA2rhP3y_C2t4wtkWhJtPnmrgG/view?usp=sharing,https://www.mediafire.com/file/t2vvf5wc4fkhqcs/Manzil_E_Intezar_Free_Pdf_Complete_Novel_By_Dua_Jaffry.pdf/file
Shumail Pdf Complete Novel ( Season 2 ) By Soni Mirza,https://drive.google.com/file/d/1r7eWjMS84N8kk21oOp63og2LWI8oM4we/view?usp=sharing,No Mediafire Link
Ishq E Shumail Pdf Complete Novel ( Season 1) By Soni Mirza,https://drive.google.com/file/d/1JpGTn86FcbQZ7Ol_FQ65bCZ_770zZgfM/view?usp=sharing,No Mediafire Link
Osi Se Ibarat Rang O Boo Pdf Complete Novel By Saima Iqbal,https://drive.google.com/file/d/1BInqiVm-9os40fw19IrvgVk8cXLYw31Z/view?usp=sharing,https://www.mediafire.com/file/xc1ps7tb5hw37ru/Osi+Se+Ibarat+Rang+O+Boo+Romantic+Novel+By+Saima+Iqbal.pdf/file
Ajab Musafir Dasht Thy Pdf Complete Novel By Nabeela Abar Raja,https://drive.google.com/file/d/13XAtx9A4K_F71aKgualDSWo5TcDI2pkY/view?usp=sharing,https://www.mediafire.com/file/74kcypwhpg6me1p/Ajab+Musafir+Dasht+Thy+Novel+By+Nabeela+Abar+Raja.pdf/file
Phulan Dy Rang Kalay Pdf Complete Novel By Faiza Iftikhar,https://drive.google.com/file/d/1BHNqUjUDH0BDtGi0PQrRGp2EsZ0EJLaK/view?usp=sharing,https://www.mediafire.com/file/7m7fpa8mhj83jgt/Phulan+Dy+Rang+Kalay+Romantic+Novel+By+Faiza+Iftikhar.pdf/file
Ayenay Ko Robaru Rakhna Pdf Complete Novel By Nabeela Abar Raja,https://drive.google.com/file/d/1qs-G8AIYGz9VjYgdIRx9RatflbsojsRC/view?usp=sharing,https://www.mediafire.com/file/cjl4bfn5q4q92el/Ayenay+Ko+Robaru+Rakhna+Romantic+Novel+By+Nabeela+Abar+Raja.pdf/file
Obsession Of Beast Pdf Complete Novel By Umm E Omama,https://drive.google.com/file/d/1FhI3S22zYZNWVnq_wAd-rt_KPgSy0I6E/view?usp=sharing,https://www.mediafire.com/file/n3oo8c77l0e8cva/Obsession+Of+Beast+Romantic+Novel+By+Umm+E+Omama.pdf/file
Sukoon E Qalb Pdf Complete Novel By Mahi Sha And Hiba Khan,https://drive.google.com/file/d/1JooPsk1ZibiKe2j4Qgw7h1ydRXRN2tPE/view?usp=sharing,https://www.mediafire.com/file/gtsc5g4lj6hyieo/Sukoon+E+Qalb+Romantic+Novel+By+Mahi+Sha+And+Hiba+Khan.pdf/file
Janan Teri Ulfat Ki Qasam Pdf Complete Novel By Kashish Khan,https://drive.google.com/file/d/1TUSZLJSuM9aZONJTruznNLydwowmBIKW/view?usp=sharing,https://www.mediafire.com/file/bak5opf6xqv098a/Janan+Teri+Ulfat+Ki+Qasam+Romantic+Novel+By+Kashish+Khan.pdf/file
Dil Ke Ander Ik Rasta Hai Pdf Complete Novel By Samra Bukhari,https://drive.google.com/file/d/1USOZ_WH4jSoVn_KsbV-rRp9iT7msoM8B/view?usp=sharing,https://www.mediafire.com/file/bs6mbj9w27z1rcq/Dil+Ke+Ander+Ik+Rasta+Hai+Romantic+Novel+By+Samra+Bukhari.pdf/file
Main Sharminda Hon Pdf Complete Novel By Nabila Aziz,https://drive.google.com/file/d/1S4l3_kvJOcuyP9_sguXXwsKG-x2d1quH/view?usp=sharing,https://www.mediafire.com/file/nk0uxq55q53xnka/Main+Sharminda+Hon+Romantic+Novel+By+Nabila+Aziz.pdf/file
Maat Pdf Complete Novel By Nadia Ameen,https://drive.google.com/file/d/1qs-UoGojrfCHeqvzFfYxiAa-blIgi9PD/view?usp=sharing,https://www.mediafire.com/file/kln2gd422gjzyjp/Maat+Romantic+Novel+By+Nadia+Ameen.pdf/file
Charagh Jalta Raha Pdf Complete Novel By Sadaf Babar,https://drive.google.com/file/d/1YHgXICK4yFtmnzN4W_ooy9ME4HfoZy9C/view?usp=sharing,https://www.mediafire.com/file/ziue9892s4gopso/Charagh+Jalta+Raha+Romantic+Novel+By+Sadaf+Babar.pdf/file
Mah E Tamam Pdf Complete Novel By Amna Riaz,https://drive.google.com/file/d/1ehWnwcJLUf0Kde19-t11UvsdBUwJ2HD7/view?usp=sharing,https://www.mediafire.com/file/kbxaisgmkf54o3n/Mah+E+Tamam+Romantic+Novel+By+Amna+Riaz.pdf/file
Iqrar K Lamhe Pdf Complete Novel By Shaheen Sajjad,https://drive.google.com/file/d/1nVoLZvOOzDOwRaWZXES2cA7IALBQxykK/view?usp=sharing,https://www.mediafire.com/file/pkypm5e9qxc9b9u/Iqrar+K+Lamhe+Romantic+Novel+By+Shaheen+Sajjad.PDF/file
Nafrat Se Ishq Ka Safar Pdf Complete Novel By Reeb Ansari,https://drive.google.com/file/d/1kdfKsg9TuomzmgEPeqO8HKpBolr_tHML/view?usp=sharing,https://www.mediafire.com/file/lxo91anf38lscks/Nafrat+Se+Ishq+Ka+Safar+Romantic+Novel+By+Reeb+Ansari.pdf/file
Ishq E Mehram Pdf Complete Novel Complete By Umm E Omama,https://drive.google.com/file/d/1n-Lz7uiA34v1XvJSIf5-ydWpoNCOdov_/view?usp=sharing,https://www.mediafire.com/file/zov5uogr38byeg4/Ishq+E+Mehram+Romantic+Novel+Complete+By+Umm+E+Omama.pdf/file
Mera Kiya Qasoor Tha Free Pdf Complete Novel By Khani,https://drive.google.com/file/d/1JU3oRl2bUaEmwBSQFFzbER-G4HxsWVjB/view?usp=sharing,https://www.mediafire.com/file/w9ufmashyys0jeu/Mera+Kiya+Qasoor+Tha+Romantic+Novel+By+Khani.pdf/file
Ishq E Khudai Pdf Complete Novel By Kashmala Qasim,https://drive.google.com/file/d/1-0iFeSMFEldwapf6q9k7xmLfA1WViPkm/view?usp=sharing,https://www.mediafire.com/file/d65vm8y31pusggv/Ishq+E+Khudai+Romantic+Novel+By+Kashmala+Qasim.pdf/file
Ranjishen Pdf Complete Novel By Sundas Arfad,https://drive.google.com/file/d/1vkVUqoK680DrkC5vViivcy-ZTsXgOvPC/view?usp=sharing,https://www.mediafire.com/file/u5zzlh1qds4qck4/Ranjishen+Romantic+Novel+By+Sundas+Arfad.pdf/file
Salam E Ishq Pdf Complete Novel By Rimsha Hussain,https://drive.google.com/file/d/1A9WAxtg4h6xGQc9IbCQH2sFGUKa5r96V/view?usp=sharing,https://www.mediafire.com/file/yrdw37ehkqxzpmz/Salam+E+Ishq+Romantic+Novel+By+Rimsha+Hussain.pdf/file
Naseeb Ka Likha Pdf Complete Novel By Sana Batool,https://drive.google.com/file/d/1wmUTPKabRRSS2d5PP8HOCVKjxoeBEHl6/view?usp=sharing,https://www.mediafire.com/file/qlwu4z5iz7gydbf/Naseeb+Ka+Likha+Romantic+Novel+By+Sana+Batool.pdf/file
Ishq E Meharban Pdf Complete Novel By Rimsha Hussain,https://drive.google.com/file/d/1iqxs6gZnKHCdWkMx1bASo1cNQAhDojzf/view?usp=sharing,https://www.mediafire.com/file/typnph4n69i2ahb/Ishq+E+Meharban+Romantic+Novel+By+Rimsha+Hussain.pdf/file
Mr Possesive's Love Pdf Complete Novel By Dia Zahra,https://drive.google.com/file/d/1swc2JUJtdcIMVqdxwSwE7IFIT8QtRWCj/view?usp=sharing,https://www.mediafire.com/file/mmpojhg86o5k8lf/Mr+Possesive's+Love+Romantic+Novel+By+Dia+Zahra.pdf/file
Ishq E Raqeeb Pdf Complete Novel By Mehrma Tayyaba,https://drive.google.com/file/d/110NZZKmYUlonLQ_Bjqh3W0_Ayqvq40D9/view?usp=sharing,https://www.mediafire.com/file/lu4v6bzlyasrd8p/Ishq+E+Raqeeb+Romantic+Novel+By+Mehrma+Tayyaba.pdf/file
Haweli novel free pdf by Khaanzaadi,https://drive.google.com/open?id=1m85w2ATfIZuh7HD7sIVmCnmK6ZMaq06C,http://www.mediafire.com/file/eme6sq0gjftz83w/Haweli_novel_free_pdf_by_Khaanzaadi.pdf/file
Kitnay Bekhabar Thay novel pdf by Nadia Jhangir,https://drive.google.com/open?id=1tE6r0MqidGKCYMOhgdruMFhm_L2XfjDA,http://www.mediafire.com/file/amfjgcxaykej6d4/Kitnay_Bekhabar_Thay_novel_pdf_by_Nadia_Jhangir.pdf/file
Rah Pla Ishq novel pdf by Zaha Qadir,https://drive.google.com/open?id=1bzeHC9EBcDtM7O6bVXM5ugHsA0x-7dPr,http://www.mediafire.com/file/yode17w9cls0mem/Rah_Pla_Ishq_novel_pdf_by_Zaha_Qadir_.pdf/file
Dil pe utra bahar ka mausam novel pdf by Farheen Zafar,https://drive.google.com/open?id=1SVQ9wjz58cX0G4ZITbVLLUqA1IJTKA7h,http://www.mediafire.com/file/9d14mb6eauyk2k6/Dil_par_utra_bahar_ka_mausam_by_Farheen_Azfar.pdf/file
Talash novel free download pdf by Razia Ahmad,https://drive.google.com/open?id=12oxk2xX4kkdVtdbrqwAzfiF9mF-yqMt4,http://www.mediafire.com/file/by0pn8uz3nu6oxy/Talash_novel_free_download_pdf_by_Razia_Ahmad.pdf/file
Badla novel free pdf by Irha Haq,https://drive.google.com/open?id=1_5XHR2x8MUSnYedg1uS5d20STJ-m_jLX,http://www.mediafire.com/file/rs0ujfkhra0vwh6/Badla_novel_free_pdf_by_Irha_Haq_.pdf/file
Rah Pla Ishq novel pdf by Zaha Qadir Episode 1-19,"https://drive.google.com/open?id=19H8E2hUM5xghAV9UHZQDHdo8YgijLym5, https://drive.google.com/file/d/19H8E2hUM5xghAV9UHZQDHdo8YgijLym5/preview",No Mediafire Link
Konpolon ke Phool Bannay Tak novel pdf by Rahat Jabeen,https://drive.google.com/open?id=1wSNo6BqcVTZR7gcpdlll0Gs0873IdqPp,http://www.mediafire.com/file/8abo1drqgz4dnh3/Konpolon_ke_Phool_Bannay_Tak_novel_pdf_by_Rahat_Jabeen.pdf/file
Haalim novel complete pdf by Nimra Ahmed,No Google Drive Link,"http://www.mediafire.com/file/gvws6f6lemtupsx/Haalim_novel_complete_pdf_by_Nimra_Ahmed_Part_2.pdf/file, http://www.mediafire.com/file/gvws6f6lemtupsx/Haalim_novel_complete_pdf_by_Nimra_Ahmed_Part_2.pdf/file"
Meri Zindgaini Hai Jawdan novel pdf by Q B Arain,https://drive.google.com/open?id=1LRKuc4jJ1vkXJGXxh3Iq5D5IrPzNGKPX,http://www.mediafire.com/file/mne1ib7f7b87qay/Meri_Zindgaini_Hai_Jawdan.jpg/file
Tumhari Madah  Aur Mera Qalam Ho Novel pdf by Sauleha Mansuri,https://drive.google.com/open?id=19Z0qFivN1vDySEqwGizE60rhLYB-hszd,http://www.mediafire.com/file/4hlj586sapp7yaq/Tumhari_Madah_Ho_Aur_Mera_Qalam_Ho_Novel_pdf_by_Sauleha_Mansuri_.pdf/file
Eid ki khushiyan Apnon Main Hi novel pdf by Amrah Sheikh,https://drive.google.com/open?id=1DK6eV4OwOtKSas3MhfRJORqHn018sp9p,http://www.mediafire.com/file/uqjbpngwrsn8xhb/Eid_ki_khushiyan_Apnon_Main_Hi_novel_complete_by_Amrah_Sheikh.pdf/file
Karakoram ka taj mehal novel pdf by Nimra Ahmed,https://drive.google.com/open?id=1i6reVBQtP17I0XjgPB7gd5iq-6FTpmG_,http://www.mediafire.com/file/hsakmocuhcbd6hf/Karakoram_ka_taj_mehal_novel_pdf_by_Nimra_Ahmed.pdf/file
Dosti by Warda Makkawi free pdf,https://drive.google.com/open?id=1fJwlxk5IukHlaXdLt8e_QOxK7KeaRhnx,http://www.mediafire.com/file/xig36tnt4cld1yi/Dosti_by_Warda_Makkawi.pdf/file
Aitbaar Mohabbat Ka novel pdf by Zubee Zafar Sheykh,https://drive.google.com/open?id=17JwldAD24Nl4bcGk8YFSSI1f5iFEf8_0,http://www.mediafire.com/file/1qwmxc16phcjz81/Aitbaar_Mohabbat_Ka_novel_pdf_by_Zubee_Zafar_Sheykh.pdf/file
Dil Pe Lage Woh Zakham Piya novel complete pdf by Samreen Shahid,https://drive.google.com/open?id=1YUTtT14S8inqxeYc7ZIlk1TGHN5fNwhD,http://www.mediafire.com/file/s6adig1s3fgoih5/Dil_Pe_Lage_Woh_Zakham_Piya_novel_complete_pdf_by_Samreen_Shahid_.pdf/file
Inteqam Ki Aag novel pdf by Esha Khan,https://drive.google.com/open?id=1iGEf56rp9YM-np8oTgGq2qqc_6g3k-qV,http://www.mediafire.com/file/7tq5gq7prez98wy/Inteqam_Ki_Aag_novel_pdf_by_Esha_Khan.pdf/file
Paharon Ki Beti novel free pdf download by Maria Shah,https://drive.google.com/open?id=1QUr7tMSMcZjw7SCRKrBJf3O282s8NXSh,http://www.mediafire.com/file/q2xq0kjxgk956jg/Paharon_Ki_Beti_novel_free_pdf_download_by_Maria_Shah.pdf/file
Ye Jo Raige Dasht e Firaq Hai novel pdf by Wajeeha Yousafzai,https://drive.google.com/open?id=1Bq_Tw1YgOIulDpCQSmTvKMSA-7KYE80Q,http://www.mediafire.com/file/67ptsh7ynpz1psg/Ye_Jo_Raige_Dasht_e_Firaq_Hai_novel_pdf_by_Wajeeha_Yousafzai_.pdf/file
Ishq Nasheen novel pdf by Isha Gill,https://drive.google.com/open?id=1dbP8g-iXfzV1TzdnonmZ1KP-JWgnZ1EL,"http://www.mediafire.com/file/91hjooxz825tk3m/Ishq_Nasheen_novel_pdf_by_Isha_Gill_.pdf/file, http://www.mediafire.com/file/91hjooxz825tk3m/Ishq_Nasheen_novel_pdf_by_Isha_Gill_.pdf/file, http://www.mediafire.com/file/91hjooxz825tk3m/Ishq_Nasheen_novel_pdf_by_Isha_Gill_.pdf/file"
Jis Dhaj Se Koi Maqtal Mein Gaya by Sumaira Sharif Toor free pdf download,https://drive.google.com/open?id=1Z-gv4X9GF-vPWEcBzh6TuZvKbh7vzDO-,http://www.mediafire.com/file/m72wpfdlwikeqlq/Jis_Dhaj_Se_Koi_Maqtal_Mein_Gaya_novel_free_pdf_download_by_Sumaira_Sharif_Toor.pdf/file
Peer e Kamil novel pdf download by Umera Ahmad,https://drive.google.com/open?id=1zdQcrIT_Pl6pPsfOlkgzjewIR3FJwBz3,"http://www.mediafire.com/file/naf8t9j9jnauj82/Peer_e_Kamil_novel_pdf_download_by_Umera_Ahmad.pdf/file, http://www.mediafire.com/file/naf8t9j9jnauj82/Peer_e_Kamil_novel_pdf_download_by_Umera_Ahmad.pdf/file, http://www.mediafire.com/file/naf8t9j9jnauj82/Peer_e_Kamil_novel_pdf_download_by_Umera_Ahmad.pdf/file"
Hai tu Humsafar novel pdf complete by Zummer Ali,"https://drive.google.com/open?id=1vAIAcYcB7elrVJkowfPjDypeDd36oK1c, https://drive.google.com/open?id=1vAIAcYcB7elrVJkowfPjDypeDd36oK1c",http://www.mediafire.com/file/ixvqcezcsd1z8ll/Hai_tu_Humsafar_novel_pdf_complete_by_Zummer_Ali.pdf/file
Hum Teri Mohabbat Mein novel pdf by Kashish Tahir,https://drive.google.com/open?id=1g7CYMDK9P5gVInohdN44AAA5aAuZggtG,http://www.mediafire.com/file/xr0mjgaj5oyusk1/Hum_Teri_Mohabbat_Mein_novel_pdf_by_Kashish_Tahir.pdf/file
Anjani Mohabbat novel pdf by khadija nadeem (Jannat Pari),https://drive.google.com/open?id=1hY3KQBxLfkBdj_HEM0T1EG2VAukRrLTA,http://www.mediafire.com/file/qyzxrun3s3xcfh9/Anjani_Mohabbat_novel_pdf_by_khadija_nadeem_%2528Jannat_Pari%2529.pdf/file
Mohabbat Ke Rang novel pdf by Ana Ilyas,https://drive.google.com/open?id=1DS5FOarZ80xyQnku0ZCoRKrsIu6Ed6rA,http://www.mediafire.com/file/1x9m5cmubfb3iko/Mohabbat_Ke_Rang_novel_pdf_by_Ana_Ilyas.pdf/file
Rag E Jaan Hai Woh novel pdf by Ana Ilyas,https://drive.google.com/open?id=1eW4FwG9oUmboJHd0nt3Bg5xA7eaRo-k5,http://www.mediafire.com/file/5606z56vyipzstn/Rag_E_Jaan_Hai_Woh_novel_pdf_by_Ana_Ilyas.pdf/file
Rooh Ka Rishta novel pdf by Ana Ilyas,https://drive.google.com/open?id=1ABwthL1Vgzqb7rHbK9y607PmLqDsY7NF,http://www.mediafire.com/file/gtedrsi5wkgqxqg/Rooh_Ka_Rishta_novel_pdf_by_Ana_Ilyas.pdf/file
Mohabbat Ke Jugnoo novel pdf by Ana Ilyas,https://drive.google.com/open?id=1h2v6wxS5S90T2GH0Mf5OqeWfZy-2cyh2,http://www.mediafire.com/file/tax2o3g6sf04dge/Mohabbat_Ke_Jugnoo_novel_pdf_by_Ana_Ilyas.pdf/file
Tere Mere Darmiyan novel pdf by Ana Ilyas,https://drive.google.com/open?id=1WF9HoxRbSJeDZnAvATbO-fry-3WqCrdx,http://www.mediafire.com/file/1lf6rmqvwomxtxt/Tere_Mere_Darmiyan_novel_pdf_by_Ana_Ilyas.pdf/file
Teri Chahat Ka Hisar novel pdf by Ana Ilyas,https://drive.google.com/open?id=1JqxhBqHrsc_8-DxIw5ORTTBuuMoUVWib,http://www.mediafire.com/file/boxezxchehryh8y/Teri_Chahat_Ka_Hisar_novel_pdf_by_Ana_Ilyas.pdf/file
Mohabbat Ki Chaon novel complete pdf by Ana Ilyas,https://drive.google.com/open?id=1cNOr8YgKhB660JLxKiYfzvW4vnME78uc,http://www.mediafire.com/file/xhcy7rb1lwld8oa/Mohabbat_Ki_Chaon_novel_complete_pdf_by_Ana_Ilyas.pdf/file
Makafat e Amal pdf by Sidra Ansari,https://drive.google.com/open?id=1VQRTNG67_ZT4zyYBXtj47ydtmwbJ-rVA,http://www.mediafire.com/file/kfia13a0ij8gpi6/Makafat_e_Amal_pdf_by_Sidra_Ansari.pdf/file
Nawazish e Ishq novel complete pdf by Natasha Gull,https://drive.google.com/open?id=1adWkE6eDTrEgidnfQ_WzqayBcYbdZtNp,http://www.mediafire.com/file/ui7qm8efr0xuzmh/Nawazish_e_Ishq_novel_complete_pdf_by_Natasha_Gull.pdf/file
Sahil sahil zanjeer hoye novel pdf by Farhana Naz Malik,https://drive.google.com/open?id=1jTtaVZ-4Y_d6_oylOtu2W44mBCDQM8e5,http://www.mediafire.com/file/qcumogyvas2hy36/Sahil_sahil_zanjeer_hoye_novel_pdf_by_Farhana_Naz_Malik.pdf/file
Dain novel pdf complete by Jawad Ahmad,https://drive.google.com/open?id=1UWpp9aeXyScoqDMH-b745bIwFo9u0jZV,http://www.mediafire.com/file/vp71zr43bm89j4q/Dain_novel_pdf_complete_by_Jawad_Ahmad.pdf/file
Rakhail novel Pdf by Riaz Aqib Kohler complete,https://drive.google.com/open?id=1iBhlPVb8hNv01YHHfyn7APmi6XsfGLj4,http://www.mediafire.com/file/53z73chz52sleuf/Rakhail_novel_Pdf_by_Riaz_Aqib_Kohler_complete_.pdf/file
Izhaar e Zaat novel pdf by Mishal Hassan,No Google Drive Link,http://www.mediafire.com/file/n1qei6c11orzqiw/Izhaar_e_Zaat_novel_pdf_by_Mishal_Hassan.pdf/file
You are mine novel pdf by Zeenia Sharjeel,No Google Drive Link,http://www.mediafire.com/file/3n7n4uhts9so785/You_are_mine_novel_pdf_by_Zeenia_Sharjeel_.pdf/file
Challenging novel pdf by Syed Zeeshan Haidar,No Google Drive Link,http://www.mediafire.com/file/6opyoe049cc1od7/Challenging_novel_pdf_by_Syed_Zeeshan_Haidar.pdf/file
Kis Khata ki Saza Pai Novel pdf by Ramsha Mehnaz,No Google Drive Link,http://www.mediafire.com/file/56hyq7e234827b4/Kis_Khata_ki_Saza_Pai_Novel_pdf_by_Ramsha_Mehnaz_.pdf/file
Diyar E Dil Novel pdf by Farhat Ishtiaq,No Google Drive Link,"http://www.mediafire.com/file/q46nxhh3z0nhccx/Diyar_E_Dil_Novel_pdf_and_by_Farhat_Ishtiaq.pdf/file, http://www.mediafire.com/file/q46nxhh3z0nhccx/Diyar_E_Dil_Novel_pdf_and_by_Farhat_Ishtiaq.pdf/file"
Qismat ki Lakeeron Mein novel pdf and online by Fliza Arshad Episode 1-6,No Google Drive Link,No Mediafire Link
Iman Umeed Aur Mohabbat novel pdf and online by Umaira Ahmed,No Google Drive Link,http://www.mediafire.com/file/v1694u2caih9r1f/Iman_Umeed_Aur_Mohabbat_novel_pdf_and_online_by_Umaira_Ahmed.pdf/file
Harees E Mohabbat novel online & pdf by Umm Umayr Episode 1-5,No Google Drive Link,http://www.mediafire.com/file/tt54mn5i78jta29/Harees_E_Mohabbat_novel_online_%2526_pdf_by_Umm_Umayr_Episode_1-5.pdf/file
Ishq Nachaya novel pdf by Shahzadi Hifsa,No Google Drive Link,http://www.mediafire.com/file/s7123e85gm4j5pk/Ishq_Nachaya_novel_pdf_by_Shahzadi_Hifsa.pdf/file
Jaan novel pdf by Shahina Chanda Mehtab,No Google Drive Link,http://www.mediafire.com/file/agyr852yd8jifv1/Jaan_novel_pdf_by_Shahina_Chanda_Mehtab.pdf/file
Aitbaar Ka Mausam novel pdf  by Waryaal Khan,https://drive.google.com/open?id=1FqaL_tUEnLyUQcLKF40bRFtWvQUvhWnZ,http://www.mediafire.com/file/ryfr6lknuh17266/aitbaar_ka_mausam_by_waryaal_khan.pdf/file
Teri Chaht Mein Kitna Tadpe Hain novel Pdf by Mehar Khan,No Google Drive Link,http://www.mediafire.com/file/a59ajf791tyy5un/Teri_Chaht_Mein_Kitna_Tadpe_Hain_novel_Pdf_by_Mehar_Khan_.pdf/file
Mere Charagar novel by Rukhsana Nigar Adnan pdf,No Google Drive Link,http://www.mediafire.com/file/nfxaa1zfluh2213/Mere_Charagar_novel_by_Rukhsana_Nigar_Adnan_pdf.pdf/file
Hisar E Mohabbat novel pdf by Nabila Aziz,No Google Drive Link,http://www.mediafire.com/file/ds2s11a5skdkhz7/Hisar_E_Mohabbat_novel_pdf_by_Nabila_Aziz.pdf/file
Kam Yeh Sheesha Gari Ka Hai novel pdf by Rahat Jabeen,No Google Drive Link,http://www.mediafire.com/file/jguhs577r7cjjr5/Kam_yeh_shesha_gari_ka_hay_by_Rahat_Jabin.pdf/file
Mohabbat Nasha Hai complete pdf novel by Samra jutt,No Google Drive Link,http://www.mediafire.com/file/heh3cplju2uakq4/Mohabbat_Nasha_Hai_complete_pdf_novel_by_Samra_jutt.pdf/file
Kabhi Youn bhi aa Meri aankh mein novel by Mahwish Urooj Pdf,No Google Drive Link,No Mediafire Link
Beqarari Si Beqarari Hai novel pdf by Gohar Shahwar Complete,No Google Drive Link,No Mediafire Link
Neelam ka markat novel by Deeba Tabassum pdf,No Google Drive Link,No Mediafire Link
Rah e Yaqeen novel by Rabia Bukhari Complete pdf,No Google Drive Link,No Mediafire Link
Main bhi tou pukara jaon ga novel by Samr Mughal pdf,No Google Drive Link,No Mediafire Link
Jungle Mein Mangal novel by Zeela Zafar Pdf,No Google Drive Link,No Mediafire Link
Izhar E Mohabbat Mushkil Hai novel by Anooshay Complete pdf,No Google Drive Link,No Mediafire Link
Teri Deewani novel by Sehar Ali complete pdf,No Google Drive Link,No Mediafire Link
Mohabbat karab hoti hai novel by Shifa Emaan complete pdf,No Google Drive Link,No Mediafire Link
Ghag novel by Mahwish Urooj complete pdf,No Google Drive Link,No Mediafire Link
Lahasil ki tamanna by Shifa Emaan complete Pdf,No Google Drive Link,No Mediafire Link
Off the Record novel by Radaba Noureen Complete Pdf,No Google Drive Link,No Mediafire Link
Jana Tujhe jab Jana novel by Neelam Riasat complete pdf,https://drive.google.com/open?id=1yUNVf1H_1fWByhKiyWmqf7fTRN49Sj0b,http://www.mediafire.com/file/3ir4yyafus7itkh/Jana_Tujhe_jab_Jana_novel_by_Neelam_Riasat_complete_pdf.pdf/file
Dil ka dard ghazal hoa novel by Madiha Tabassum pdf,No Google Drive Link,No Mediafire Link
Nafrat se Mohabbat tak ka safar by Rabia Bukhari Complete pdf,No Google Drive Link,No Mediafire Link
Ik Lafz e Mohabbat novel pdf by Neelam Riasat,https://drive.google.com/open?id=1GQpo9S81Gh9qPORfhwwdA4McKuiAM4AX,http://www.mediafire.com/file/vbv6y2t594ov48g/Ek-Lafz-e-Mohabbat-by-Neelam-Riasat-Urdu-Romantic-Novel.pdf
Rah e Yaar Mein novel by Wajeeha Bukhari complete pdf,No Google Drive Link,No Mediafire Link
Hai Ahle Wafa Ki Reet Alag novel by Neelam Riasat pdf,No Google Drive Link,http://www.mediafire.com/file/c6i7jgpq9c5oy03/Hay-Ahl-e-Wafa-Ki-Reet-Alag-By-Neelam-Riasat.pdf/file
Meri pehli mohabbat tum ho by Khak e Makkah Complete Pdf,No Google Drive Link,No Mediafire Link
Maan Ki Maya By Hoor Sehar complete pdf,No Google Drive Link,No Mediafire Link
Ishq ki Sargazisht Novel Complete Free Pdf By Reem Farooq,https://drive.google.com/file/d/1iGUIWzWkhpY_M8X_gOluHihIE6BI6WfY/view?usp=sharing,https://www.mediafire.com/file/pdhuyvk4r2652uy/Ishq+ki+Sargazisht+Novel+Complete+Free+Pdf+By+Reem+Farooq.pdf/file
Pas E Aaina Novel Complete Free PdfBy Fatima Malik,https://drive.google.com/file/d/1xbSBA_Zp0pjQO-p3RlTYHeMcz_oFEASU/view?usp=sharing,https://www.mediafire.com/file/8lsfgnfd5431lc4/Pas+E+Aaina+Novel+Complete+Free+PdfBy+Fatima+Malik.pdf/file
Warasat Novel Complete Free Pdf By Fatima Malik,https://drive.google.com/file/d/14Ys8n3bxAGUGJxOeX3svvD1r8HIyZHf1/view?usp=sharing,https://www.mediafire.com/file/48clyoxn7bpamq8/Warasat+Novel+Complete+Free+Pdf+By+Fatima+Malik.pdf/file
Chunri Yaar Di Romantic Novel Free Pdf By Gull Writes,https://drive.google.com/file/d/1x0bwihyrmX3YV99shHrEe_e-MmB2sqpL/view?usp=sharing,https://www.mediafire.com/file/zwf6qnt6nj0co2g/Chunri+Yaar+Di+Romantic+Novel+Free+Pdf+By+Gull+Writes.pdf/file
Dua O Umeed Free Pdf Complete Novel By Hira Zaidi,https://drive.google.com/file/d/1uDr-pWeZIJJAQC6tYdW-1NITufJQxs64/view?usp=sharing,https://www.mediafire.com/file/z05dmzj5umbyc0u/Dua+O+Umeed+Free+Pdf+Complete+Novel+By+Hira+Zaidi.pdf/file
Saiyan Romantic Novel Free Pdf By Bisma Bhatti,https://drive.google.com/file/d/1_iwd3p1IgGrcvkUzIoqcHP9ljyZMZcL-/view?usp=sharing,https://www.mediafire.com/file/4q4me04kxolpw9u/Saiyan+Romantic+Novel+Free+Pdf+By+Bisma+Bhatti.pdf/file
Dor Novel Free Pdf By Asifa Awan,https://drive.google.com/file/d/1y0804RmMOVKF67lWZWBJlxDSv9T_MDDW/view?usp=share_link,https://www.mediafire.com/file/gb7mu5jyhoeqk8x/Dor+Novel+Free+Pdf+By+Asifa+Awan.pdf/file
Daam Ke Badly Novel Free Pdf By Sehar Sarfraz,https://drive.google.com/file/d/1c4386zavNYFO2mJPbCO3wcb1veW5L9GT/view?usp=share_link,https://www.mediafire.com/file/htjk33f8x9lk32o/Daam+Ke+Badly+Novel+Free+Pdf+By+Sehar+Sarfraz.pdf/file
Badnaseeb Novel Free Pdf By Zainab Rajpoot,https://drive.google.com/file/d/1GgpcKimdukbozDeuZAX8tt-JByxr7BoF/view?usp=share_link,https://www.mediafire.com/file/thayypp7iziwtca/Badnaseeb+Novel+Free+Pdf+By+Zainab+Rajpoot.pdf/file
Tum Mere Ho Romantic Novel Free Pdf By Iqra Khan,https://drive.google.com/file/d/1W9lUU_ojjo_m4sySZ4e2hw5j03cq859e/view?usp=share_link,"https://www.mediafire.com/file/82wds8j4q0ufxdh/Tum+Mere+Ho+Romantic+Novel+Free+Pdf+By+Iqra+Khan.pdf/file, https://www.mediafire.com/file/4jhtlkon5kg4mvi/Woh+Mera+Ishq+Hai+Romantic+Novel+By+Faiza+Nazeer+Ahmed.pdf/file, https://www.mediafire.com/file/4jhtlkon5kg4mvi/Woh+Mera+Ishq+Hai+Romantic+Novel+By+Faiza+Nazeer+Ahmed.pdf/file"
Ankhon ki Thandak Complete Novel Free Pdf By Anjum Iqbal,https://drive.google.com/file/d/1nOwE9aE24ZbHY8JGZROJkqNiquqB0mfo/view?usp=share_link,https://www.mediafire.com/file/gj74sn8q6mh3sye/Ankhon+ki+Thandak+Complete+Novel+Free+Pdf+By+Anjum+Iqbal.pdf/file
Dua E Hirz Jaan Romantic Novel By Uzma Mujahid Complete Free Pdf,https://drive.google.com/file/d/1eCsuWRPKcoj-akuwxkz1b0Mmz_zicvcA/view?usp=share_link,https://www.mediafire.com/file/ezmo5xtssm7z22k/Dua+E+Hirz+Jaan+Romantic+Novel+By+Uzma+Mujahid.pdf/file
Chupi Rustam Complete Fre Pdf By Kainat Amna,https://drive.google.com/file/d/1GUfwcCix-MKTJbFxruCWdVJ1AOoRMZ60/view?usp=share_link,https://www.mediafire.com/file/7jct0m8p1nn8wrb/Chupi+Rustam+Complete+Fre+Pdf+By+Kainat+Amna.pdf/file
Fareb Complete Free Pdf By Rimsha Ansari,https://drive.google.com/file/d/1uvNg2Dd9c-bEg8BNxsWrvJwVGanzKlSf/view?usp=share_link,https://www.mediafire.com/file/r0gts2ng0p5kv3d/Fareb+Complete+Free+Pdf+By+Rimsha+Ansari.pdf/file
Hisab E Dil Rehne Do Romantic Novel Free Pdf By Nabeela Aziz,https://drive.google.com/file/d/1mrchnyOY3SXKMV7aqA4hteDOn3Iwf2r6/view?usp=sharing,https://www.mediafire.com/file/jbie9hlbdz7gcy4/Hisab+E+Dil+Rehne+Do+Romantic+Novel+Free+Pdf+By+Nabeela+Aziz.pdf/file
Roothna Nahi Acha Romantic Novel Free Pdf By Maira Malik,https://drive.google.com/file/d/1M0sE2FBxIw7Av0YNDXy7L-gkoIy87lP1/view?usp=sharing,https://www.mediafire.com/file/oa5pc016y3thz0x/Roothna+Nahi+Acha+Romantic+Novel+Free+Pdf+By+Maira+Malik.pdf/file
Gumrah Complete Free Pdf By Nadia Ameen,https://drive.google.com/file/d/1Gh-6mUPeUqPUmcJX1fpKNVst_VxF7mQa/view?usp=sharing,https://www.mediafire.com/file/ojzdqloh8dnved0/Gumrah+Complete+Free+Pdf+By+Nadia+Ameen.pdf/file
Qarz Novel Free Pdf By Fatima Ahmad,https://drive.google.com/file/d/1liwbHwW7SpdZTK60IgwXcUNqa6baJ54w/view?usp=sharing,https://www.mediafire.com/file/15dkpcp3tfhi7yg/Qarz+Novel+Free+Pdf+By+Fatima+Ahmad.pdf/file
Ek Jugnoo Thehr Gaya Romantic Novel Free Pdf By Afshan Afridi,https://drive.google.com/file/d/14w8VEg6voB9lHjYCS_oS7YL8oWAAKbg-/view?usp=sharing,https://www.mediafire.com/file/9gmshxti0ku0a94/Ek+Jugnoo+Thehr+Gaya+Romantic+Novel+Free+Pdf+By+Afshan+Afridi.pdf/file
Dusri Aurat Novel Free Pdf By Sidra Sheikh,https://drive.google.com/file/d/1LA6OiMCosJu_I5zql3k2NRzqYTRrF5mf/view?usp=sharing,https://www.mediafire.com/file/1wb7edajkx2ti5u/Dusri+Aurat+Novel+Free+Pdf+By+Sidra+Sheikh.pdf/file
Ashiyana Mohabbaton Ka Romantic Novel Free pdf By Aila Noor,https://drive.google.com/file/d/1mUjs4DEbfhPwNRwkqRG1Y-xqgJSZyOk-/view?usp=sharing,https://www.mediafire.com/file/nqkha689ghafk8q/Ashiyana+Mohabbaton+Ka+Romantic+Novel+Free+pdf+By+Aila+Noor.pdf/file
Abu Turab Novel Free Pdf By Rida Abid,https://drive.google.com/file/d/16SoR7AZBKekzFtAm3z7-OlwvZi6tjs6P/view?usp=sharing,https://www.mediafire.com/file/zjcbpi2qududw18/Abu+Turab+Novel+Free+Pdf+By+Rida+Abid.pdf/file
Qismat Ka Khail Novel Free Pdf By Hina Naz,https://drive.google.com/file/d/10V8_ZD_GyfPBTlNdzF-bhj0frmD8qR58/view?usp=sharing,https://www.mediafire.com/file/4nkjcze434ferc0/Qismat+Ka+Khail+Novel+Free+Pdf+By+Hina+Naz.pdf/file
Munsif Novel Free Pdf By Eraj Salheen,https://drive.google.com/file/d/17H-RasAYsk5ZlJDRP_Cz3ReWtupe5X03/view?usp=sharing,https://www.mediafire.com/file/flvik4x4hfzyhe4/Munsif+Novel+Free+Pdf+By+Eraj+Salheen.pdf/file
Aks Novel Free Pdf By khanzadi,https://drive.google.com/file/d/1uN15Eaz2bM9GvU7KEzZ2ZGMMnb7iuaBM/view?usp=sharing,https://www.mediafire.com/file/oa7q554duklt9p6/Aks+Novel+Free+Pdf+By+khanzadi.pdf/file
Rabba Ishq Na Hovy Romantic Novel free Pdf By Mannat Imran,https://drive.google.com/file/d/1XVj2VAzusTouMj4tYxW11KHgJTHdVKY2/view?usp=sharing,https://www.mediafire.com/file/w7zezzc6gp12w6l/Rabba+Ishq+Na+Hovy+Romantic+Novel+free+Pdf+By+Mannat+Imran.pdf/file
Khamosh Mohabbat Romantic Novel Free Pdf By Rania Mehar,https://drive.google.com/file/d/10zGeMa19PQwnO0LI5o57x9GPh_II66wi/view?usp=sharing,https://www.mediafire.com/file/upbb8xoqx9h2le9/Khamosh+Mohabbat+Romantic+Novel+Free+Pdf+By+Rania+Mehar.pdf/file
Khof E Ishq Romantic Novel Free Pdf By Syeda Sehar Zadi,https://drive.google.com/file/d/1jE6EHdC4g13jQsX6XKqHfq3rhXjSxOyE/view?usp=sharing,"https://www.mediafire.com/file/5eovm20of5j03wb/Khof+E+Ishq+Romantic+Novel+Free+Pdf+By+Syeda+Sehar+Zadi.pdf/file, https://www.mediafire.com/file/4jhtlkon5kg4mvi/Woh+Mera+Ishq+Hai+Romantic+Novel+By+Faiza+Nazeer+Ahmed.pdf/file, https://www.mediafire.com/file/4jhtlkon5kg4mvi/Woh+Mera+Ishq+Hai+Romantic+Novel+By+Faiza+Nazeer+Ahmed.pdf/file"
Khizar E Hayat Romantic Novel Free Pdf By Aliya Hira,https://drive.google.com/file/d/1GL5JkSs3fUezYo1t5ibNioXe0tvGr6tB/view?usp=sharing,https://www.mediafire.com/file/4jhtlkon5kg4mvi/Woh+Mera+Ishq+Hai+Romantic+Novel+By+Faiza+Nazeer+Ahmed.pdf/file
Aitbar E Mohabbat Romantic Novel Free Pdf By Aliya Hira,https://drive.google.com/file/d/1PjqafZWPzc9DMzfEBEcD5ysZ-_BzZUpP/view?usp=sharing,https://www.mediafire.com/file/355kdfhb7r9df6q/Aitbar+E+Mohabbat+Romantic+Novel+Free+Pdf+By+Aliya+Hira.pdf/file
Waqt Karta Hai Parwarish Barson Novel Free Pdf By Nisha Khursheed,https://drive.google.com/file/d/1ukzB0CCqzeWcnneaHz5XfyR4n5RpkWiu/view?usp=sharing,https://www.mediafire.com/file/l08diq1gnadnjki/Waqt+Karta+Hai+Parwarish+Barson+Novel+Free+Pdf+By+Nisha+Khursheed.pdf/file
Mohabbat Hasil E Zeest Romantic Novel Free Pdf By Huma Amir,https://drive.google.com/file/d/1RTui1QlmfREenJxDIxky6XiIN4PVqanX/view?usp=sharing,https://www.mediafire.com/file/dd0rdzx0tqvid5n/Mohabbat+Hasil+E+Zeest+Romantic+Novel+Free+Pdf+By+Huma+Amir.pdf/file
Aainay Ko Rubaru Rakhna Romantic Novel (Free Pdf ) By Nabila Abar Raja,https://drive.google.com/file/d/1W02iT2hrzHLM64lKl_7o0EngYQWesVoq/view?usp=sharing,https://www.mediafire.com/file/xh6j3b8wkdnhl45/Aainay+Ko+Rubaru+Rakhna+Romantic+Novel+(Free+Pdf+)+By+Nabila+Abar+Raja.pdf/file
Kanwari Kaliyan Novel Free Pdf By Atiqa Faiz,https://drive.google.com/file/d/1Y8ciV2Mik2l3Nf4V_xv-L_u6-CsTTpD8/view?usp=sharing,https://www.mediafire.com/file/wv9ljk95zdg0n30/Kanwari+Kaliyan+Novel+Free+Pdf+By+Atiqa+Faiz.pdf/file
Ishq Talatum Romantic Novel Free Pdf By T S Writes,https://drive.google.com/file/d/1frntuvuCJknc14g2yvIJG3ltnAkh2XnW/view?usp=sharing,https://www.mediafire.com/file/rkftft5k3l0ipqs/Ishq+Talatum+Romantic+Novel+Free+Pdf+By+T+S+Writes.pdf/file
Man Yaram Man Janam Romantic Novel ( Free Pdf Complete ) By Uzma Mujahid,https://drive.google.com/file/d/1nvn5_ReyaH1hJKiaeSEsYmEn8tU1MaTF/view?usp=sharing,https://www.mediafire.com/file/b5m4wwu09tw605i/Man+Yaram+Man+Janam+By+Uzma+Mujahid.pdf/file
Badalti Qismat Novel Free Pdf By Mehmal Noor,https://drive.google.com/file/d/1b0trFl6S5Y3L8lkolMS01iFvPWZ1u0qh/view?usp=sharing,https://www.mediafire.com/file/akuh92vq8d9ifrw/Badalti+Qismat+Novel+Free+Pdf+By+Mehmal+Noor.pdf/file
Gumrah Novel Free Pdf By Syeda Hina Jafferi,https://drive.google.com/file/d/1WVA_Kghg-muVx6QH9GjcM8kXZKfTyWPB/view?usp=sharing,https://www.mediafire.com/file/1hdbajxfwjp2es9/Gumrah+Novel+Free+Pdf+By+Syeda+Hina+Jafferi.pdf/file
Zindagi Novel Free Pdf By Syeda Hina Jafferi,https://drive.google.com/file/d/1hx_8zuUZhi4HloQNHmzFbmcoAHfu5-bO/view?usp=sharing,https://www.mediafire.com/file/d9pwas7eionfqf1/Zindagi+Novel+Free+Pdf+By+Syeda+Hina+Jafferi.pdf/file
Meri Chahat Romantic Novel (Free Pdf) By Syeda Shah,https://drive.google.com/file/d/1A3z-q4Y12F-K1rkUxxU8usX5P-gRF8Pd/view?usp=sharing,https://www.mediafire.com/file/cjvnkug3svd9hos/Meri+Chahat+Romantic+Novel+(Free+Pdf)+By+Syeda+Shah.pdf/file
Shiddat E Talab Romantic Novel Complete (Free Pdf) By Suneha Rauf,https://drive.google.com/file/d/1uf_n6neXAT_yTGYbRw5Opn5kXEeyvuev/view?usp=sharing,https://www.mediafire.com/file/o9u3vectlt82vas/Shiddat+E+Talab+Romantic+Novel+Complete+(Free+Pdf)+By+Suneha+Rauf.pdf/file
Saya Free Pdf Complete Novel By M S Rajpoot,https://drive.google.com/file/d/1IkBMsYc5WZoXbiskRb45blNdAKZqQI6x/view?usp=sharing,https://www.mediafire.com/file/zo30yn7fs1779md/Saya+Free+Pdf+Complete+Novel+By+M+S+Rajpoot.pdf/file
Afriyat Complete Novel Free Pdf By Satunt Kaur,https://drive.google.com/file/d/1EZhTczn1ltNS55BIkcJ62BZ8ZuzKnMp7/view?usp=sharing,https://www.mediafire.com/file/dtj6dqapk4rcfas/Afriyat+Complete+Novel+Free+Pdf+By+Satunt+Kaur.pdf/file
Aik Thi Salma Novel Free Pdf By M S Rajpoot,https://drive.google.com/file/d/1QBkFHtda6tsW-4dbwo8Hh_YqpIMeJy_-/view?usp=sharing,https://www.mediafire.com/file/2cgk5hl2zy1d4tg/Aik+Thi+Salma+Novel+Free+Pdf+By+M+S+Rajpoot.pdf/file
Laal Haweli Free Pdf Novel By Uzzai Zehan,https://drive.google.com/file/d/1YleFLxoKctm3RLyRC7Jj0oa5BfZvM45y/view?usp=sharing,https://www.mediafire.com/file/cgvgv128nybav6y/Laal+Haweli+Free+Pdf+Novel+By+Uzzai+Zehan.pdf/file
Sunehry Moti Novel Free Pdf By Bint E Shah Jahan Ali,https://drive.google.com/file/d/1k0LpijemQaSsH7oZSsaD1W2N4V7xgSul/view?usp=sharing,https://www.mediafire.com/file/ekczg2wiladtwvu/Sunehry+Moti+Novel+Free+Pdf+By+Bint+E+Shah+Jahan+Ali.pdf/file
Mekail Novel Free Pdf By Adeena Khan,https://drive.google.com/file/d/1o71aITocvkg3ZNKI6NXsvpvnCLHRgoaI/view?usp=sharing,https://www.mediafire.com/file/z77uc8j04u3o8qr/Mekail+Novel+Free+Pdf+By+Adeena+Khan.pdf/file
Sotan Meri Saheli Novel Free Pdf By Ayesha Ansari,https://drive.google.com/file/d/1x1wuy-HH97H9fhABldmnHD5rBtisXnjD/view?usp=sharing,https://www.mediafire.com/file/0kjlvz3olt8pkdx/Sotan+Meri+Saheli+Novel+Free+Pdf+By+Ayesha+Ansari.pdf/file
Ahmanet (Free Pdf ) By Hannah Zayan Shah,https://drive.google.com/file/d/1J0Mxew8nfRLmg4FURM2Hd8QjuepsK82k/view?usp=sharing,https://www.mediafire.com/file/978peslnk22g09e/Ahmanet+(Free+Pdf+)+By+Hannah+Zayan+Shah.pdf/file
Rab Ki Rasi Novel Free Pdf By Meeshi Sheikh,https://drive.google.com/file/d/1afZSECK0w5uEG8kLhJT1u-Jv12tUZ2Rr/view?usp=sharing,No Mediafire Link
Uraan Free pdf By Rabia Amjad,https://drive.google.com/file/d/1t50sjDvRGc1MMmnkq21h1XuK-nT8HOLB/view?usp=sharing,https://www.mediafire.com/file/eeiwkee081ra3u7/Uraan+Free+pdf+By+Rabia+Amjad.pdf/file
Dard E Dil Romantic Novel By M Farhan Free Pdf,https://drive.google.com/file/d/1e8wxzFgA-2ncB8IClE7NqsbEYcZJGCnP/view?usp=sharing,https://www.mediafire.com/file/leuvkf134ho2aug/Dard+E+Dil+Romantic+Novel+By+M+Farhan+Free+Pdf.pdf/file
Mumta Ek Pukar Novel By Yumna Free Pdf,https://drive.google.com/file/d/1qY0cQpqMup0PrpRr_lSL1VMJpxyDe725/view?usp=sharing,https://www.mediafire.com/file/33u34k1xfq3nwqn/Mumta+Ek+Pukar+Novel+By+Yumna+Free+Pdf.pdf/file
Piya Bawri Romantic Novel by Sidra Sheikh Free Pdf,https://drive.google.com/file/d/12F7DxcLoafrCGygR2KTfkodDkJOzVZ7X/view?usp=sharing,https://www.mediafire.com/file/6385ryefqiy6flu/Piya+Bawri+Romantic+Novel+by+Sidra+Sheikh+Free+Pdf.pdf/file
Paon Ki Juti Free Pdf By Sani Pirzada,https://drive.google.com/file/d/1ILEFswttqUG-xWVQj6krmVrS7PGPfXY5/view?usp=sharing,No Mediafire Link
System Free Pdf By Huma Waqas,https://drive.google.com/file/d/1B3vITkjse7aw0Fy-t6q9lLr0iIqPu4VG/view?usp=sharing,https://www.mediafire.com/file/mnk37nacup7zew0/System+Free+Pdf+By+Huma+Waqas.pdf/file
Tarbiyat Free Pdf By Tawasul Shah,https://drive.google.com/file/d/14aoFVTDh9ewHS26yewSNGscN1GRw7G0M/view?usp=sharing,https://www.mediafire.com/file/3l2or9pggvhcgmu/Tarbiyat+Free+Pdf+By+Tawasul+Shah.pdf/file
System Free Pdf By Huma Waqas,https://drive.google.com/file/d/1B3vITkjse7aw0Fy-t6q9lLr0iIqPu4VG/view?usp=sharing,https://www.mediafire.com/file/mnk37nacup7zew0/System+Free+Pdf+By+Huma+Waqas.pdf/file
Qismat Ke Khel Novel Free Pdf By Haya Sheikh,https://drive.google.com/file/d/1oP4Kb5cu7jaqtpI_zIb2vgjKSnEoh6xE/view?usp=sharing,"https://www.mediafire.com/file/r37hlumliy54keo/Qismat+Ke+Khel+Novel+Free+Pdf+By+Haya+Sheikh.pdf/file, https://www.mediafire.com/file/fkw7x0vohm961vc/Ehad+E+Mohabbat+Romantic+Novel+By+Fari+Nawab.pdf/file, https://www.mediafire.com/file/fkw7x0vohm961vc/Ehad+E+Mohabbat+Romantic+Novel+By+Fari+Nawab.pdf/file"
Maat mein jeet Novel Free Pdf by Kashmala Azmi,https://drive.google.com/file/d/16oWiBBEI0R2pHg4Fp12GN4Z-pgzmPPZD/view?usp=sharing,https://www.mediafire.com/file/bjh1indtly1k0qv/Maat+mein+jeet+Novel+Free+Pdf+by+Kashmala+Azmi.pdf/file
Meri Talab Tha Woh Ik Shakhs Romantic Novel By Shama Ilahi Free Pdf,https://drive.google.com/file/d/150WTJppKZMKS7PrpBRD9tqN0vgsrbiT2/view?usp=sharing,https://www.mediafire.com/file/3wog7b5oyqldfi0/Meri+Talab+Tha+Woh+Ik+Shakhs+Romantic+Novel+By+Shama+Ilahi.pdf/file
Mera Zawal Mera Urooj Free Pdf By Marha Shah,https://drive.google.com/file/d/11iiRwUVrByz9xYDiDRMoBdreFv9G1bn6/view?usp=sharing,"https://www.mediafire.com/file/qckijo8ngv7bggh/Mera+Zawal+Mera+Urooj+Free+Pdf+By+Marha+Shah.pdf/file, https://www.mediafire.com/file/z1dzivbrwhd943o/Qismat+Yaari+Novel+By+Maheen+Malik.pdf/file, https://www.mediafire.com/file/z1dzivbrwhd943o/Qismat+Yaari+Novel+By+Maheen+Malik.pdf/file"
Jaal Novel Free Pdf By Umaima Mukarram,https://drive.google.com/file/d/11anrRsV-S0v1ivwuj6zbf88RuGJJlHSd/view?usp=sharing,"https://www.mediafire.com/file/71kdux7ic95lr0f/Jaal+Novel+Free+Pdf+By+Umaima+Mukarram.pdf/file, https://www.mediafire.com/file/6d3irfs33i05gl3/Meri+Dastan+E+Mohabbat+Novel+By+Mehak+Roshan+Free+Pdf.pdf/file"
Meri Dastan E Mohabbat Novel By Mehak Roshan Free Pdf,https://drive.google.com/file/d/1NredrzCQU4KEwuzoZuQm3vFCJuh5455P/view?usp=sharing,"https://www.mediafire.com/file/6d3irfs33i05gl3/Meri+Dastan+E+Mohabbat+Novel+By+Mehak+Roshan+Free+Pdf.pdf/file, https://www.mediafire.com/file/sl1j5n4x38bwhmv/Hum+Tum+Novel+By+ZS+Rajput.pdf/file"
Meri Mohabbat Novel Free Pdf By Mehra Shah,https://drive.google.com/file/d/1evoQl-Wi-P26ZXzlqwg64jChEUGaJKgD/view?usp=sharing,https://www.mediafire.com/file/gdvzvmmeln5wxtj/Meri+Mohabbat+Novel+Free+Pdf+By+Mehra+Shah.pdf/file
Tum Jo Aaye Zindagi Main Meri Novel By Mehak Roshan Free Pdf,https://drive.google.com/file/d/1P0wPGwM567lyVdToYW8XaXV6dwdGr9d-/view?usp=sharing,https://www.mediafire.com/file/nlfgwbk9iq610yu/Tum+Jo+Aaye+Zindagi+Main+Meri+Novel+By+Mehak+Roshan+Free+Pdf.pdf/file
Mard Aurat Aur Izzat Novel Free Pdf By Khadija Noor,https://drive.google.com/file/d/1m3qUC0nJVjAYnRuxD4kO9DKU_hMV5hZG/view?usp=sharing,"https://www.mediafire.com/file/ctawzd323zsku9l/Mard+Aurat+Aur+Izzat+Novel+Free+Pdf+By+Khadija+Noor.pdf/file, https://www.mediafire.com/file/ot9fsuixjjxhfdi/Rukhsar+Novel+By+Warda+Zohaib.pdf/file"
Chaand Muskurane Laga Novel By Mehak Roshan Free Pdf,https://drive.google.com/file/d/1b8IoiNO2W9r5Favfuwvz_VJi2WCEi4hL/view?usp=sharing,"https://www.mediafire.com/file/gm895uyzivb6wo2/Chaand+Muskurane+Laga+Novel+By+Mehak+Roshan+Free+Pdf.pdf/file, https://www.mediafire.com/file/wszmm70ms9ry3b2/Qabza+Dil+Tumse+Churana+Hai+Novel+By+Abida+Zi+Sheren.pdf/file"
Tum Hotey Ho Mere Kon Novel By Wardah Zohaib Free Pdf,https://drive.google.com/file/d/1QPvmXRqA5qzfiwOQSKTZUfeGNfEeRKqb/view?usp=sharing,"https://www.mediafire.com/file/qzjl9djvd1hpz1f/Tum+Hotey+Ho+Mere+Kon+Novel+By+Wardah+Zohaib+Free+Pdf.pdf/file, https://www.mediafire.com/file/qnguvmjk8lvkgrf/Doosra+Rukh+Novel+By+Wafa+Khan+Pdf.pdf/file"
Reza Reza Khawab Mere Novel By Umme Rubab Free Pdf,https://drive.google.com/file/d/1GRUkSbuEH8aMYAnsAPQZkCfWBynPS65n/view?usp=sharing,"https://www.mediafire.com/file/d7rg0sttzctt1pj/Reza+Reza+Khawab+Mere+Novel+By+Umme+Rubab+Free+Pdf.pdf/file, https://www.mediafire.com/file/xw82zlkkb120w7x/Misal+E+Taweez+Novel+Free+Pdf+By+Irsa+Rao.pdf/file"
Shikanja Novel By Wardah Zohaib Free Pdf,https://drive.google.com/file/d/1HKIv5uE40kfGOn07ZbvJKX_QtiObGvdt/view?usp=sharing,"https://www.mediafire.com/file/jf8zbhdtnt0ezzk/Shikanja+Novel+By+Wardah+Zohaib+Free+Pdf.pdf/file, https://www.mediafire.com/file/qnguvmjk8lvkgrf/Doosra+Rukh+Novel+By+Wafa+Khan+Pdf.pdf/file"
Kuch Bikhray Lamhey Zeesat Hue Novel By Amna Tehreem Pdf,https://drive.google.com/file/d/1eRU_8ta5GgRtQFKEvTXphjWra-dTf60f/view?usp=sharing,"https://www.mediafire.com/file/3k17kxs9d9qs2s1/Kuch+Bikhray+Lamhey+Zeesat+Hue+Novel+By+Amna+Tehreem+Pdf.pdf/file, https://www.mediafire.com/file/qnguvmjk8lvkgrf/Doosra+Rukh+Novel+By+Wafa+Khan+Pdf.pdf/file"
Mera Ishq Novel Free Pdf By Irsa Rao Complete,https://drive.google.com/file/d/1D040OlYjRIkvan6zmycPCHHDVHNv5eqM/view?usp=sharing,https://www.mediafire.com/file/yxxdu890xix6ch3/Mera+Ishq+Novel+Free+Pdf+By+Irsa+Rao+Complete.pdf/file
Khumar Teri Qurbat Ka Novel By Zill E Huma Pdf,https://drive.google.com/file/d/1Zu0qlqGJE9GKeVHIalD5QctyV2qZ83mH/view?usp=sharing,"https://www.mediafire.com/file/oiln474wsum589y/Khumar+Teri+Qurbat+Ka+Novel+By+Zill+E+Huma+Pdf.pdf/file, https://www.mediafire.com/file/t3i30pssnjfxdgr/Haqarat+Novel+Free+Pdf+By+Irsa+Rao.pdf/file, https://www.mediafire.com/file/t3i30pssnjfxdgr/Haqarat+Novel+Free+Pdf+By+Irsa+Rao.pdf/file"
Kainaat E Qalb Novel By Warda Zohaib Free Pdf,https://drive.google.com/file/d/1Nflfx5QEjYBq7v7gNoNl368Qy6560WXR/view?usp=sharing,"https://www.mediafire.com/file/bi478r7vqchjlzv/Kainaat+E+Qalb+Novel+By+Warda+Zohaib.pdf/file, https://www.mediafire.com/file/82x4jlirxyw79lz/Wifey+For+Lifey+Novel+By+Zill+E+Huma+Pdf.pdf/file"
Wifey For Lifey Novel By Zill E Huma Pdf,https://drive.google.com/file/d/1WQ_C2O8_Iv1Bg2GtPRv82oonOyMxsMXq/view?usp=sharing,"https://www.mediafire.com/file/82x4jlirxyw79lz/Wifey+For+Lifey+Novel+By+Zill+E+Huma+Pdf.pdf/file, https://www.mediafire.com/file/t3i30pssnjfxdgr/Haqarat+Novel+Free+Pdf+By+Irsa+Rao.pdf/file"
Doosra Rukh Novel By Wafa Khan Pdf,https://drive.google.com/file/d/1ENVaxm4jjsY_7OMw-gqidmqOGvaSu0W2/view?usp=sharing,"https://www.mediafire.com/file/qnguvmjk8lvkgrf/Doosra+Rukh+Novel+By+Wafa+Khan+Pdf.pdf/file, https://www.mediafire.com/file/xw82zlkkb120w7x/Misal+E+Taweez+Novel+Free+Pdf+By+Irsa+Rao.pdf/file"
Raqs E Ishq Novel by Khanzadi Pdf,https://drive.google.com/file/d/17iEcIh_9pU7Bq1sOgS5GYuQHR48EpLtg/view?usp=sharing,https://www.mediafire.com/file/vkhw6n8q11654bn/Raqs+E+Ishq+Novel+by+Khanzadi+Pdf.pdf/file
Fitoor E Man Novel Free Pdf By Irsa Rao,https://drive.google.com/file/d/1c381mkAWMhl9fo0PYuJ8a9EkaT0J0SBw/view?usp=sharing,"https://www.mediafire.com/file/4fjks4rt4bdwokb/Fitoor+E+Man+Novel+Free+Pdf+By+Irsa+Rao.pdf/file, https://www.mediafire.com/file/r62nptdgxq9ofzx/Kabhi+Rog+Na+Lagana+Piyar+Ka+Novel+Free+Pdf+By+Maleeha+Chaudhary.pdf/file"
Haqarat Novel Free Pdf By Irsa Rao,https://drive.google.com/file/d/1tx18zo9KzBFi4AePcDpgEmmtiRFvZ9pE/view?usp=sharing,"https://www.mediafire.com/file/t3i30pssnjfxdgr/Haqarat+Novel+Free+Pdf+By+Irsa+Rao.pdf/file, https://www.mediafire.com/file/r62nptdgxq9ofzx/Kabhi+Rog+Na+Lagana+Piyar+Ka+Novel+Free+Pdf+By+Maleeha+Chaudhary.pdf/file"
Tera Sath Meri Hayat Novel Free Pdf By Kiran Chaudhry,https://drive.google.com/file/d/1GIOg1o1H2k6uBIKVm6PkouiPgx5B1XEC/view?usp=sharing,https://www.mediafire.com/file/mu411c5hjvnghxk/Tera+Sath+Meri+Hayat+Novel+Free+Pdf+By+Kiran+Chaudhry.pdf/file
Dil E Umeed Novel Free Pdf By Kiran Chaudhary,https://drive.google.com/file/d/1KT-1M8rwsrLGYTbTUzWoj1lpRWs-7pX4/view?usp=sharing,"https://www.mediafire.com/file/p96ddaoqdc0e57v/Dil+E+Umeed+Novel+Free+Pdf+By+Kiran+Chaudhary.pdf/file, https://www.mediafire.com/file/xi0dthawe492udr/Rawayat+Mein+Bhandy+Bhandhan+Novel+By+Sofia+Khan.pdf/file"
Misal E Taweez Novel Free Pdf By Irsa Rao,https://drive.google.com/file/d/1Szoze0FozcMv1HiCQdNJXwdct-H1sk2V/view?usp=sharing,"https://www.mediafire.com/file/xw82zlkkb120w7x/Misal+E+Taweez+Novel+Free+Pdf+By+Irsa+Rao.pdf/file, https://www.mediafire.com/file/r62nptdgxq9ofzx/Kabhi+Rog+Na+Lagana+Piyar+Ka+Novel+Free+Pdf+By+Maleeha+Chaudhary.pdf/file"
Kabhi Rog Na Lagana Piyar Ka Novel Free Pdf By Maleeha Chaudhary,https://drive.google.com/file/d/1lENosf_AT4LFxocHeAdOn6r588jAwPmr/view?usp=sharing,"https://www.mediafire.com/file/r62nptdgxq9ofzx/Kabhi+Rog+Na+Lagana+Piyar+Ka+Novel+Free+Pdf+By+Maleeha+Chaudhary.pdf/file, https://www.mediafire.com/file/4tlakylgwrr09lz/Mere+Humnafas+Novel+Complete+By+Irsa+Rao+Pdf.pdf/file, https://www.mediafire.com/file/4tlakylgwrr09lz/Mere+Humnafas+Novel+Complete+By+Irsa+Rao+Pdf.pdf/file"
Ik Dil Nahi Lagda Tere Bin Novel By Kiran Chaudhry Pdf,https://drive.google.com/file/d/100fM1IwjXT8whq0XC3AfF0luyli9U5yW/view?usp=sharing,"https://www.mediafire.com/file/x0plbqb636t67ck/Ik+Dil+Nahi+Lagda+Tere+Bin+Novel+By+Kiran+Chaudhry+Pdf.pdf/file, https://www.mediafire.com/file/xi0dthawe492udr/Rawayat+Mein+Bhandy+Bhandhan+Novel+By+Sofia+Khan.pdf/file"
Mere Humnafas Novel Complete By Irsa Rao Pdf,https://drive.google.com/file/d/1bl--0gy0s3ojAvICrjypPOae77UW7PPT/view?usp=sharing,"https://www.mediafire.com/file/4tlakylgwrr09lz/Mere+Humnafas+Novel+Complete+By+Irsa+Rao+Pdf.pdf/file, https://www.mediafire.com/file/4xxd4pbawzrryyq/Pehli+Nazar+Novel+Free+Pdf+By+Irsa+Rao.pdf/file"
Sanam Novel Free Pdf By Kiran Chaudhary,https://drive.google.com/file/d/1u1QjQTs6lABNJfYYXKmJB23GAhpAQAPr/view?usp=sharing,https://www.mediafire.com/file/3mrrbwh7oyxmyhd/Sanam+Novel+Free+Pdf+By+Kiran+Chaudhary.pdf/file
Adhury Rishty Novel Free Pdf By Irsa Rao,https://drive.google.com/file/d/1iAfZb9kS21kOu8lT84rsgtoFTxCoTUVo/view?usp=sharing,"https://www.mediafire.com/file/xo7u2xa00qpz55b/Adhury+Rishty+Novel+By+Irsa+Rao.pdf/file, https://www.mediafire.com/file/utdq86dk8uk5gbj/Tu+Hi+Mera+Ishq+Novel+By+Sidra+Hussain.pdf/file"
Pehli Nazar Novel Free Pdf By Irsa Rao,https://drive.google.com/file/d/1RlE4R48ha-W_5K3r5WhOo8a-S3yNczWM/view?usp=sharing,"https://www.mediafire.com/file/4xxd4pbawzrryyq/Pehli+Nazar+Novel+Free+Pdf+By+Irsa+Rao.pdf/file, https://www.mediafire.com/file/xi0dthawe492udr/Rawayat+Mein+Bhandy+Bhandhan+Novel+By+Sofia+Khan.pdf/file"
Dil Aur Zindagi Novel Free Pdf By Zumeer Ali,https://drive.google.com/file/d/1zXUDyWPQesLWJmt8rOtmP6lc7KKAMAu8/view?usp=sharing,https://www.mediafire.com/file/df8nkgzht1ghca7/Dil+Aur+Zindagi+Novel+Free+Pdf+By+Zumeer+Ali.pdf/file
Adhoray Log Pore Azab Novel By Zummer Ali Pdf,https://drive.google.com/file/d/106Fkas0W_MCAGu028A7xBMv8DODSlzoU/view?usp=sharing,"https://www.mediafire.com/file/maerpc7ly8q654h/Adhoray+Log+Pore+Azab+Novel+By+Zummer+Ali+Pdf.pdf/file, https://www.mediafire.com/file/dav9q3ttd2voqlr/Mehka+Jaisay+Rawan+Rawan+Novel+By+Hina+Asad.pdf/file"
Dil Novel By Sehrish Khan Malik Pdf,https://drive.google.com/file/d/1YW-ubrtUVPsLI2BDU-YukbTQDoTSywxM/view?usp=sharing,"https://www.mediafire.com/file/2dvyqripbun545s/Dil+Novel+By+Sehrish+Khan+Malik+Pdf.pdf/file, https://www.mediafire.com/file/dav9q3ttd2voqlr/Mehka+Jaisay+Rawan+Rawan+Novel+By+Hina+Asad.pdf/file"
Siyah Ishq Novel Complete By Hifza Javed Pdf,https://drive.google.com/file/d/1glzM4a3VIy0yxxxDvO-AO0lh5wIo5XRl/view?usp=sharing,https://www.mediafire.com/file/jn457n1j0c339nn/Siyah+Ishq+Novel+Complete+By+Hifza+Javed+Pdf.pdf/file
Ishq Ki Dor Novel Free Pdf By Sadiqa,https://drive.google.com/file/d/11WXWvSmaym1cqxGhihxwJMvrDhPVzrdi/view?usp=sharing,"https://www.mediafire.com/file/5bpf91r34l8bcwo/Ishq+Ki+Dor+Novel+Free+Pdf+By+Sadiqa.pdf/file, https://www.mediafire.com/file/jn457n1j0c339nn/Siyah+Ishq+Novel+Complete+By+Hifza+Javed+Pdf.pdf/file"
Wajdan E Mohabbat Novel By Pakeeza Tayyaba Pdf,https://drive.google.com/file/d/1eHVd3OkwKIYV9ER_DAK2UCAeU7Xaj1HN/view?usp=sharing,"https://www.mediafire.com/file/oq8do327yb8rtx1/Wajdan+E+Mohabbat+Novel+By+Pakeeza+Tayyaba+Pdf.pdf/file, https://www.mediafire.com/file/i73c18bxnbp5b5f/Reem+Novel+Complete+By+Anila+Talib.pdf/file"
Laa Hasil Novel Complete By Iram Tahir Pdf,https://drive.google.com/file/d/1l9dHnC5oCEadnzqqAEYANKUngw1ccwKR/view?usp=sharing,https://www.mediafire.com/file/j2emajkdsmwgx0u/Laa+Hasil+Novel+Complete+By+Iram+Tahir+Pdf.pdf/file
Shikanja Novel By Wafa Khan Pdf,https://drive.google.com/file/d/19ZIIcU23mAL-Wk4zlHckPrIRU6WVdJGG/view?usp=sharing,https://www.mediafire.com/file/c5cvdy9kdbfon1z/Shikanja+Novel+By+Wafa+Khan+Pdf.pdf/file
khoon Baha Novel Complete By Zarish Noor Pdf,https://drive.google.com/file/d/1x6jO33gxo_8dEFajalil1DGzVNMiWCeD/view?usp=sharing,https://www.mediafire.com/file/uh53fslgy5x4isf/khoon+Baha+Novel+Complete+By+Zarish+Noor+Pdf.pdf/file
Dil Hai Tumhara Novel By Wafa Khan Pdf,https://drive.google.com/file/d/1UyJx5HOKFw2SAK0cveWAbih--bu5XzW3/view?usp=sharing,https://www.mediafire.com/file/kj9k8mhk198u2hn/Dil+Hai+Tumhara+Novel+By+Wafa+Khan+Pdf.pdf/file
Ghar Se Bhagi Hoi Larki Free Pdf By Wajeeha Gull,https://drive.google.com/file/d/1C3TbmLPigf45vQIgVRctqB6rXfJg7_FS/view?usp=sharing,https://www.mediafire.com/file/8hfqam5zd7e51o5/Ghar+Se+Bhagi+Hoi+Larki+Free+Pdf+By+Wajeeha+Gull.pdf/file
Betiyan Bojh Nahi Rehmat Hain Short Story By Wajeeha Gull Pdf,https://drive.google.com/file/d/1T37iQkFVCKk-FIDIPAlshM4QT9PXmdP8/view?usp=sharing,https://www.mediafire.com/file/nj2cy82y8ajh603/Betiyan+Bojh+Nahi+Rehmat+Hain+By+Wajeeha+Gull.pdf/file
Dil Kahan Le Chala Novel Free Pdf By Amrah Sheikh,https://drive.google.com/file/d/1_jhzYdYKZ79UbSUFhNJH_rsEdH8Yp2Q0/view?usp=sharing,https://www.mediafire.com/file/1wan6ma4n126la8/Dil+Kahan+Le+Chala+Novel+Free+Pdf+By+Amrah+Sheikh.pdf/file
Mera Maan Ho Tum Novel Complete By Aiman Raza Pdf,https://drive.google.com/file/d/1N-R8U9ZEdb968aybgLkC6_Cek_87fAWJ/view?usp=sharing,https://www.mediafire.com/file/bd86dkwx4bs19oe/Mera+Maan+Ho+Tum+Novel+Complete+By+Aiman+Raza+Pdf.pdf/file
Rab Ki Pakar Free Pdf By Wajeeha Gull,https://drive.google.com/file/d/1KG_tJSURgujb6aKgmx_0KBfKRyBoGn6P/view?usp=sharing,https://www.mediafire.com/file/5odceb5b1038s9y/Rab+Ki+Pakar+Free+Pdf+By+Wajeeha+Gull.pdf/file
Allah Wali Basti Novel Free Pdf By Sundas Usman Khan,https://drive.google.com/file/d/14BAPeyrCZ7tfrtlNk4wjjBda1uLVJsB3/view?usp=sharing,https://www.mediafire.com/file/x49d3vwll0miqnl/Allah+Wali+Basti+Novel+Free+Pdf+By+Sundas+Usman+Khan+Season+2.pdf/file
Mehram E Ishq Novel Free pdf By Sundas Usman Khan,https://drive.google.com/file/d/10selBgFAw5galVg9hqIy36XfVhjVY7mM/view?usp=sharing,https://www.mediafire.com/file/6pmyr1la1i3aqd1/Mehram+E+Ishq+Novel+Free+pdf+By+Sundas+Usman+Khan.pdf/file
Badla Novel Free Pdf By Iqra Habib,https://drive.google.com/file/d/1QcrUT2rly5BiBDpuyr1u1ukHHXPsI9OY/view?usp=sharing,https://www.mediafire.com/file/n2lmzmyvq3vjoiz/Badla+Novel+Free+Pdf+By+Iqra+Habib.pdf/file
Yun Tera Mera Milna Novel By Iqra Habib Pdf,https://drive.google.com/file/d/1kYICEoJiZd_fKAzhJqqT0tmyCfdfJHCH/view?usp=sharing,https://www.mediafire.com/file/bamcixe3002djdv/Yun+Tera+Mera+Milna+Novel+By+Iqra+Habib+Pdf.pdf/file
Tujh Par Mar Mitti Novel Free Pdf By Iqra Habib,https://drive.google.com/file/d/1nsHbUZvTEXi55LTw48btZOk0-vlFbVXP/view?usp=sharing,https://www.mediafire.com/file/hupi694kx2oy47e/Tujh+Par+Mar+Mitti+Novel+Free+Pdf+By+Iqra+Habib.pdf/file
Yaar E Man Sitamgar Novel Free Pdf By Shama Ilahi,https://drive.google.com/file/d/1SdPyeqCP13EPbHz3mXRb_HJjDVaAsmen/view?usp=sharing,https://www.mediafire.com/file/0f35f88mwzp9sk4/Yaar+E+Man+Sitamgar+Novel+Free+Pdf+By+Shama+Ilahi.pdf/file
The Beauty And The Beast Love Novel Complete By Samreen Zahid Pdf,https://drive.google.com/file/d/1KI1GKR44RD5GFUtm-8lJu9c11nYeypP6/view?usp=sharing,https://www.mediafire.com/file/ae10f95rhpx925n/The+Beauty+And+The+Beast+Love+Novel+Complete+By+Samreen+Zahid+Pdf.pdf/file
Bin Mangay Anchahe Se Hum Novel By Urooj Naqvi Pdf,https://drive.google.com/file/d/1nnzE0YmW3EzMQ1d0xyNjaS-nApKLMio_/view?usp=sharing,https://www.mediafire.com/file/pa4r6kbkovuos4b/Bin+Mangay+Anchahe+Se+Hum+Novel+By+Urooj+Naqvi+Pdf.pdf/file
Ahub Ul Raqs Novel Complete By Fatima Gul Ahmad Pdf,https://drive.google.com/file/d/1i2T8Rpvdr4IQpmRBYkt9ZCQLJwwy9rxc/view?usp=sharing,https://www.mediafire.com/file/5el41roz2q2urtt/Ahub+Ul+Raqs+Novel+Completge+By+Fatima+Ahmad+Pdf.pdf/file
Likha Hai Jo Lakiron Mein Milega Woh Taqdeeron Mein Novel By Urooj Naqvi Pdf,https://drive.google.com/file/d/1MgA8nlL25kqCKGZ2naqCgjvOkRNFFY25/view?usp=sharing,https://www.mediafire.com/file/ykv4xrxy1phuwi6/Likha+Hai+Jo+Lakiron+Mein+Milega+Woh+Taqdeeron+Mein+Novel+By+Urooj+Naqvi+Pdf.pdf/file
Jashan E Eidaan Novel By Fatima Gul Ahmad Pdf,No Google Drive Link,"https://www.mediafire.com/file/iexq4pfl2mqw87l/Jashan+E+Eidaan+Novel+By+Fatima+Ahmad+Pdf.pdf/file, https://www.mediafire.com/file/iexq4pfl2mqw87l/Jashan+E+Eidaan+Novel+By+Fatima+Ahmad+Pdf.pdf/file"
Tujh Ko Padha Tha Bachpan Mein Free Pdf  By Shama Ilahi,https://drive.google.com/file/d/1wAGuWsCOKsF7FeOzzcAeDwkcXqGsIKuR/view?usp=sharing,https://www.mediafire.com/file/d5e65pclderaq1g/Tujh+Ko+Padha+Tha+Bachpan+Mein+Free+Pdf++By+Shama+Ilahi.pdf/file
Sabar Jannat Hai Free Pdf By Shama Ilahi,https://drive.google.com/file/d/1AOvGVflDJcZ5kTESPAK-7s7WepFd0AOE/view?usp=sharing,https://www.mediafire.com/file/tvklylbndpylz9j/Sabar+Jannat+Hai+Free+Pdf+By+Shama+Ilahi.pdf/file
Mera ishq Tera Intqam Novel Complete By Zoni Khan Pdf,https://drive.google.com/file/d/1Nyoh6oRwiErnkwWnUsB4Zam0QLkOtY_a/view?usp=sharing,https://www.mediafire.com/file/bj3123tl1yssisg/Mera+ishq+Tera+Intqam+Novel+Complete+By+Zoni+Khan+Pdf.pdf/file
Khwabon Ka Rahguzar Novel Complete By Tabeer Fatima Pdf,https://drive.google.com/file/d/1W_kf0f3pUKeJ6c91DWTzSTdTGUhm7NSB/view?usp=sharing,https://www.mediafire.com/file/ilbhkt8tmt80e0l/Khwabon+Ka+Rahguzar+Novel+Complete+By+Tabeer+Fatima+Pdf.pdf/file
Teri Chahat Novel Free Pdf By Parveen,https://drive.google.com/file/d/1E_n0LSxsHc25UkxQUwtxXbFZQbCrkG0F/view?usp=sharing,https://www.mediafire.com/file/hcuw0fogks45sej/Teri+Chahat+Novel+Free+Pdf+By+Parveen.pdf/file
Mohabbat Dil Mein Utray Novel Free Pdf By Perveen,https://drive.google.com/file/d/1_eUx8pXTdNokL5KTYck34xKCQ4Y2UPxg/view?usp=sharing,https://www.mediafire.com/file/g9gwjv0h55racem/Mohabbat+Dil+Mein+Utray+Novel+Free+Pdf+By+Perveen.pdf/file
Yeh Hum Aa Gaye Hain Kahan Novel By Tabeer Fatima Pdf,https://drive.google.com/file/d/1ib3P4uiwhioiOzqySYWk8zvYhpDy_SH8/view?usp=sharing,https://www.mediafire.com/file/ldyraaiifrfjjmw/Yeh+Hum+Aa+Gaye+Hain+Kahan+Novel+By+Tabeer+Fatima+Pdf.pdf/file
Guman Se Agay Novel Free Pdf By Umme Hania,https://drive.google.com/file/d/1KUpbbz3eQzctO_DSR2w75v2Iy7Wf04Zx/view?usp=sharing,https://www.mediafire.com/file/zjpowgbkwai8lm8/Guman+Se+Agay+Novel+Pdf+By+Umme+Hania+.pdf/file
Roshan Meri Eid Ka Chand Novel By Tabeer Fatima Pdf,https://drive.google.com/file/d/1NndRFH6eEeIJPKrCCMn03PyssngNXegl/view?usp=sharing,https://www.mediafire.com/file/f2h8gfbihqcquiy/Roshan+Meri+Eid+Ka+Chand+Novel+By+Tabeer+Fatima+Pdf.pdf/file
Mohabbat Rooth Jati Hai Novel Free Pdf By Tabeer Fatima,https://drive.google.com/file/d/1gVF3qcfP0LLKXuR2lkjSjxwUrbr1Orwq/view?usp=sharing,https://www.mediafire.com/file/jy4igis5k9uc5io/Mohabbat+Rooth+Jati+Hai+Novel+Free+Pdf+By+Tabeer+Fatima.pdf/file
Kaho Woh Chaand Kesa Tha Novel Free Pdf By Uzma Mujahid,https://drive.google.com/file/d/14HnbGHBWt6dti2akJoa1FxcVZxcdvtJU/view?usp=sharing,https://www.mediafire.com/file/x1bx2a2bodjoj0h/Kaho+Woh+Chaand+Kesa+Tha+Novel+By+Uzma+Mujahid.pdf/file
Woh Huey Meherban Free Pdf By Zeenia Shajeel,https://drive.google.com/file/d/1n2XbeIIebHCeWblFV-7gnsFVJPNChtih/view?usp=sharing,https://www.mediafire.com/file/oy0n9vd78211aqz/Woh+Huey+Meherban+Free+Pdf+By+Zeenia+Shajeel.pdf/file
Dasht E Hijran Novel Free Pdf By Haya Rajpoot,https://drive.google.com/file/d/1iNG56zPHeHrX_suDtpCmM4fQpAbpCtD0/view?usp=sharing,https://www.mediafire.com/file/myhf2di8clhw1ij/Dasht+E+Hijran+Novel+Free+Pdf+By+Haya+Rajpoot.pdf/file
Tere Naal Ishq Novel Complete Free Pdf By Pari Shah,No Google Drive Link,No Mediafire Link
Usy Behkaya Jay Novel Free Pdf By Hanna Zayan Shah,https://drive.google.com/file/d/1UTDZiFngBShHOS28slPnV7bqXJTJ9Qws/view?usp=sharing,https://www.mediafire.com/file/2kbpw9txwdz7s3q/Usy+Behkaya+Jay+Novel+Free+Pdf+By+Hanna+Zayan+Shah.pdf/file
Pahli Nazar Ki Mohabbat Novel ( Free Pdf ) By Zarish Noor,https://drive.google.com/file/d/1cR_rE4zNxcx0VBPc11rBDEbGY0aw_bAg/view?usp=sharing,https://www.mediafire.com/file/agc820swdo2j76c/Pahli+Nazar+Ki+Mohabbat+Novel+(+Free+Pdf+)+By+Zarish+Noor.pdf/file
Chand Chupa Badal Mein Novel ( Free Pdf ) By khanzadi,https://drive.google.com/file/d/1GRvm4S-POCghFrVqiVeDk7IQGJ0xHJKy/view?usp=sharing,https://www.mediafire.com/file/56dd9siwxh263n3/Chand+Chupa+Badal+Mein+Novel+(+Free+Pdf+)+By+khanzadi.pdf/file
Shatranj Free Pdf By Muskan Kanwal,https://drive.google.com/file/d/1iZKY8VoIbObGyHN09-r17wyZBd3MfTHv/view?usp=sharing,https://www.mediafire.com/file/rzxtk5442d0tz3v/Shatranj+Free+Pdf+By+Muskan+Kanwal.pdf/file
Bandhy Ek Dor Se Novel Free Pdf By Zarish Noor,https://drive.google.com/file/d/1z7yE29Elmn5ijDX46aVCziPg_fTxfX27/view?usp=sharing,https://www.mediafire.com/file/lcktrqbun3ybmtq/Bandhy+Ek+Dor+Se+Novel+Free+Pdf+By+Zarish+Noor.pdf/file
Yaar E Maan Maseeha Complete By Uzma Mujahid Pdf,https://drive.google.com/file/d/1cqwMfOhMF5t47j-Vu4qGpIlgoed-vrp3/view?usp=sharing,https://www.mediafire.com/file/qwnjdwk1dobtkmw/Yaar+E+Maan+Maseeha+Novel+Complete+By+Uzma+Mujahid+Pdf+.pdf/file
O Humnwa Mere Novel Pdf By Atia mumtaz,No Google Drive Link,No Mediafire Link
Dasht E Hijran Pdf By Haya Rajpoot Last Episode,https://drive.google.com/file/d/1b0JZdaBahaSoSLVvQOp7L9oMo-eedwb8/view?usp=sharing,https://www.mediafire.com/file/2fqot2pglsqjhvg/Dasht+E+Hijran+By+Haya+Rajpoot+Last+Episode.pdf/file
Jhali Si Novel Free Pdf By Shagufta Kanwal,https://drive.google.com/file/d/1vWsEDOO_Mqv90GjaWkV9F7U6KLHPn-yZ/view?usp=sharing,https://www.mediafire.com/file/jyc2itluom2wm26/Jhali+Si+Novel+Free+Pdf+By+Shagufta+Kanwal.pdf/file
Zameen Ke Aansoo Novel Pdf By Sadia Kashif,https://drive.google.com/file/d/1QJUuwJahQXY9IOfFwUQn5zK-m44VumMg/view?usp=sharing,https://www.mediafire.com/file/ys4cqqunm9u2kby/Zameen+Ke+Aansoo+Novel+Pdf+By+Sadia+Kashif.pdf/file
Baazi Novel Pdf By Sofia Khan,https://drive.google.com/file/d/1UVVW057i28Fp_UJtRhNMjKxKeYR8ULQJ/view?usp=sharing,https://www.mediafire.com/file/xy4vi8cjh48s5yk/Baazi+Novel+Pdf+By+Sofia+Khan.pdf/file
Naqab Posh Novel Pdf By Zarish Noor,https://drive.google.com/file/d/1inIXdHW9RApwj4e_ArkcdbHLhm_V9e-M/view?usp=sharing,https://www.mediafire.com/file/vzvnw9v8lvtjuly/Naqab+Posh+Novel+Pdf+By+Zarish+Noor.pdf/file
Main Dhoop Ka Musafir Novel Pdf by Shama ILahi,https://drive.google.com/file/d/1jZEW33C1ed03YzrrW6CAgHa-zfzepPIY/view?usp=sharing,https://www.mediafire.com/file/5x541cmsqc5m6fx/Main+Dhoop+Ka+Musafir+Novel+Pdf+by+Shama+ILahi.pdf/file
Piya Sang Eid Novel Pdf By Eshal Rana,https://drive.google.com/file/d/1wjRbSIjE67XBXdgTg6rZqB0Q7M52AZwW/view?usp=sharing,https://www.mediafire.com/file/yac517anjbqvf6f/Piya+Sang+Eid+Novel+Pdf+By+Eshal+Rana.pdf/file
Prince Aryan Novel Pdf By Khanzadi,https://drive.google.com/file/d/1v5nCmFGzXck1lmfYELK6ISwWRwCrxL4S/view?usp=sharing,https://www.mediafire.com/file/wd7moey4y7w9cs2/Prince+Aryan+Novel+Pdf+By+Khanzadi.pdf/file
Durr E Ruftan Novel Pdf By Sofia Emaan,https://drive.google.com/file/d/1HfoxvXInpm4a8ijvhDYsstkCm2_kkS8Q/view?usp=sharing,https://www.mediafire.com/file/kpwdh0no4ceuose/Durr+E+Ruftan+Novel+Pdf+By+Sofia+Emaan.pdf/file
Eid K Bad Novel Pdf By Nisha Umar,https://drive.google.com/file/d/1WfMSwJxBj9czjocdGhpWu7RJkoaAmZ8s/view?usp=sharing,https://www.mediafire.com/file/pvxg9ux3pub3230/Eid+K+Bad+Novel+Pdf+By+Nisha+Umar.pdf/file
Deewani Yaar Di Novel Pdf By Tania Tahir,https://drive.google.com/file/d/1meojT1FldoKJ_Eiokr8cofRiZ-UtpRPR/view?usp=sharing,https://www.mediafire.com/file/xpghm1wjd17etjl/Deewani+Yaar+Di+Novel+Pdf+By+Tania+Tahir.pdf/file
Hijaab Meri Pehchan Novel pdf By Firdous Khokhar,https://drive.google.com/file/d/1FH6W7MeipmTLjAm3JlqzQLfPrWjg8llT/view?usp=sharing,https://www.mediafire.com/file/3h5uaa8tzfdikmq/Talab+E+Jaan+Novel+Complete+By+Hooria+Fatima.pdf/file
Nikkah e Mohabbat Novel Pdf By Firdous Khokhar,https://drive.google.com/file/d/1Uxz6Vl6Y3Ys-lPcUoTanXsdMwPR79l3m/view?usp=sharing,https://www.mediafire.com/file/16xea0zlpphafem/Nikkah+e+Mohabbat+Novel+Pdf+By+Firdous+Khokhar.pdf/file
Garoor Novel Pdf By Tania Tahir,https://drive.google.com/file/d/1x9_jj_aOjbS0v1W3d45b8GiGrHNPVXED/view?usp=sharing,https://www.mediafire.com/file/zmqlwooomz7sika/Garoor+Novel+Pdf+By+Tania+Tahir.pdf/file
Teri Meri Kahani Novel Pdf By Khanzadi,https://drive.google.com/file/d/1rXhvvz5vueQH8znSMdvA_o9toaJBTvdH/view?usp=sharing,https://www.mediafire.com/file/9ccq0arsxup82yq/Teri+Meri+Kahani+Novel+Pdf+By+Khanzadi.pdf/file
Dewar E Sang Se Agay Novel Pdf By Rukhsana Nigar Adnan,https://drive.google.com/file/d/19lFTkufLQvS70G-WxgHF16Za_W4R9UhE/view?usp=sharing,https://www.mediafire.com/file/0xif4u52q40ztgi/Dewar+E+Sang+Se+Agay+By+Rukhsana+Nigar+Adnan.pdf/file
Be Dard Piya Novel Complete Pdf By Umme Hania,https://drive.google.com/file/d/1OtWYR3cef8llXfbtnKlvmlLEZglqAR3G/view?usp=sharing,https://www.mediafire.com/file/1jqhdw1xm9z6549/Meri+Har+Saans+Mein+Tum+Ho+Novel+By+Kinza+Rajpoot.pdf/file
Umeed E Wafa Novel Pdf By Zeenia Sharjeel,https://drive.google.com/file/d/1tB9FsxL9Me_vyvRbm6qc6w3uJTwJ1oc6/view?usp=sharing,https://www.mediafire.com/file/brhdf0ncbx893xf/Umeed+E+Wafa+Novel+Pdf+By+Zeenia+Sharjeel.pdf/file
Sulagty Ishq Ki Mehekti jannat Novel Pdf By Umme Hassan Raouf,https://drive.google.com/file/d/1gT1Rf02mqi45w8xfIqOD2jkEbSidhaP8/view?usp=sharing,https://www.mediafire.com/file/y0pomiblg7aocnq/Sulagty+Ishq+Ki+Mehekti+jannat+Novel+Pdf+By+Umme+Hassan+Raouf.pdf/file
Tara Ka Chand Novel Pdf By Dua Fatima,https://drive.google.com/file/d/1JM3Fha-qoOHAP-YOPNeTjL-jqhBBof22/view?usp=sharing,https://www.mediafire.com/file/b2i5dcjro8v4cf1/Tara+Ka+Chand+Novel+Pdf+By+Dua+Fatima.pdf/file
Teri Rahguzar Ki Musafatain Novel Pdf By Iffat Sehar Tahir,https://drive.google.com/file/d/1quVdxfWwrmIvi8_mA9j9yatRdMzfPSjg/view?usp=sharing,https://www.mediafire.com/file/1whucdtdjoqtu0n/Teri-Rahguzar-Ki-Musaftain-Effit-Seher-Tahir.pdf/file
Musafat Tamam Karte Hain Novel Pdf By Lubna Jadoon,https://drive.google.com/file/d/1NjWec3TRQ8U5lvkGxEc3JoLAm3cADiT1/view?usp=sharing,https://www.mediafire.com/file/jq36qnpxnc8bi2e/Musafat+tamam+karte+hen+by+Lubna.pdf.pdf/file
Junoon Tha Ke Justuju Novel Pdf By Farhat Ishtiaq,https://drive.google.com/file/d/17BXG53RTS89aEGQbQs72AWKnAzI7CFAV/view?usp=sharing,https://www.mediafire.com/file/li60ehiwkz92fqg/Junoon+Tha+Ke+Justuju+-+Farhat+Ishtiaq.pdf/file
Rang Haroof Roshni Novel Pdf By Iqra Sagheer Ahmed,https://drive.google.com/file/d/1Ixqzn5caC7ilLRmpxojyIUM9w-XSccnF/view?usp=sharing,https://www.mediafire.com/file/ubk77h4r9z1uyio/Rang+Haroof+Roshni+by+Iqra+Sagheer+Ahmed.pdf/file
Main Teri Jogan Novel Pdf By Hina Malik,https://drive.google.com/file/d/1_Mh6xd6NgwxV3LEV1hZI-P3BR9gnbn5A/view?usp=sharing,https://www.mediafire.com/file/wswoohiao3jy9nj/Me+teri+jogan+by+Hina+Malik.pdf/file
Yeh Na Thi Hamari Qismat Novel Pdf By Iffat Sehar Tahir,https://drive.google.com/file/d/1m4bibgkMpO4x9aqZwrA8-MC-z8LMBdnr/view?usp=sharing,https://www.mediafire.com/file/ojxqa23a5chiqf5/yeh+na+thi+hamari+qismat.pdf/file
Mohabbat Ki Dhanak Orh Kar Novel Pdf By Ghazal Yasir Malik,https://drive.google.com/file/d/17AMtEEHbFIsKI0tpfSbKN-xxIKqYJ2th/view?usp=sharing,https://www.mediafire.com/file/2sdeskjscwaoilv/Mohabbat+ki+dhanak+orh+kr+by+Ghazal+Yasir+Malik.pdf/file
Hasrat Un Ghunchon Pay Novel Pdf By Iffat Sehar Tahir,https://drive.google.com/file/d/1Ywwk5jln6rYlICZ70f-LP_ur2scryHeW/view?usp=sharing,https://www.mediafire.com/file/2uy74g6hbja5oan/hasrat+un+gunchon+per+by+iffat+sehar.pdf/file
Tum Aao Tu Eid Karyn Novel Pdf By Nabeela Abar Raja,https://drive.google.com/file/d/1YmnAH1acHN29t-8eOBuDfJSuenQ2_Qyv/view?usp=sharing,https://www.mediafire.com/file/mzp3m9rhjpt9jqe/Tum+aao+to+eid+karen+by+Nabeela+Abar+Raja.pdf/file
Aien E Wafa Novel Pdf by Farhat Ishtiaq,https://drive.google.com/file/d/1ZsXk62W_PKSUU07JiVfS1s4gJ4gNmp7-/view?usp=sharing,https://www.mediafire.com/file/ot7uyi54fbwleqc/Aien+e+Wafa+by+Farhat+Ishtiaq.pdf/file
Dedh Riyal Ki Neki Pdf By Nabila Abar Raja,https://drive.google.com/file/d/1m3pm-G2ppzSFsMKOedWjy0kvD_rVI4r2/view?usp=sharing,https://www.mediafire.com/file/i4ts1ybi1l9j3kf/Derh+riyal+ki+neki+by+Nabila+Abar+Raja.pdf/file
Baharon Ke Sang Sang Novel Pdf By Iqra Sagheer Ahmed,https://drive.google.com/file/d/1zYqz2NjJun9oXL9DhtfNV_xs_Uz_Zg8O/view?usp=sharing,https://www.mediafire.com/file/2p1xv3b6l62pacf/BaharounKeSangSang-IqraSagheerAhmed.pdf/file
Waqt Ke Faisle Novel  Pdf By Asma Qadri,https://drive.google.com/file/d/1j9SNSRxmJFydHR4PKSnyNZKM_1ZNxNLq/view?usp=sharing,https://www.mediafire.com/file/uwdcgotcsuiv62z/Waqt_Ke_Faisle_Complete_Novel_By_Asma_Qadri.pdf/file
Yaar E Maan Aashiq Novel Pdf By Anila Kanwal,https://drive.google.com/file/d/1rYQ0BVVkAEmvzuQaBOUhyyG07bslxIYN/view?usp=sharing,https://www.mediafire.com/file/m5se3anik0ur5bd/Yaar+E+Maan+Aashiq+Novel+Pdf+By+Anila+Kanwal.pdf/file
Mehram Novel Pdf By Anila Kanwal,https://drive.google.com/file/d/1JQLNqz_MZi7oi9AyDrdwNXsx0zGKOsj4/view?usp=sharing,https://www.mediafire.com/file/am1e5zrzu9sxbr2/Mehram+Novel+Pdf+By+Anila+Kanwal.pdf/file
Mayyat Zameer ki Novel Pdf By Anila Talib,https://drive.google.com/file/d/1Fz_nnXE1sA-WsGA4JQp-MMXcE3J-vyx1/view?usp=sharing,https://www.mediafire.com/file/74ygbc4uojmyhke/Mayyat+Zameer+ki+Novel+Pdf+By+Anila+Talib.pdf/file
Dehshat Maat Novel Pdf By Raania Saddique,https://drive.google.com/file/d/1c2CNCMQSL-tvVSxJJlEtTM58P3uESQIn/view?usp=sharing,https://www.mediafire.com/file/2bpapcq4uws2pjo/Dehshat+Maat+Novel+Pdf+By+Raania+Saddique.pdf/file
La Hasil Howa Hasil Novel Pdf By Muskan Kanwal,https://drive.google.com/file/d/1ZQAi5DLDEFZx0H6Z0fOD8WP88QseAqDm/view?usp=sharing,https://www.mediafire.com/file/obty3dsit48dha2/La+Hasil+Howa+Hasil+Novel+Pdf+By+Muskan+Kanwal.pdf/file
Tumhare Ishq Mein Novel Pdf By Mahra Shah,https://drive.google.com/file/d/176wtOVvAzIUK9Dq_K3QpD35leeUpvQLR/view?usp=sharing,https://www.mediafire.com/file/g0lhlzydf32egay/Tumhare+Ishq+Mein+Novel+Pdf+By+Mahra+Shah.pdf/file
Ghamandi Novel Pdf By Sidra Sheikh,https://drive.google.com/file/d/1YV04rQ-5KHcMylkhcee6vXeN6RKtBpJf/view?usp=sharing,https://www.mediafire.com/file/rcn9s743qqcboxx/Ghamandi+Novel+Pdf+By+Sidra+Sheikh.pdf/file
Mere Hakam Novel Pdf By Umaima Mukarram,https://drive.google.com/file/d/1Ph_qU9_RyYZU2D2ffD0KV2i6_dkVzNAJ/view?usp=sharing,https://www.mediafire.com/file/tdljcv4ssgiug5s/Mere+Hakam+Novel+Pdf+By+Umaima+Mukarram.pdf/file
Kuch Mohabbtien Anjan Si Novel Pdf By Umaima Mukarram,https://drive.google.com/file/d/1-jQerBjDJ5ikwgmIqEl6DUjsKAC1gzKi/view?usp=sharing,https://www.mediafire.com/file/kh06iyuevtbqg98/Kuch+Mohabbatein+Anjan+Si+Novel+Pdf+By+Umaima+Mukarram.pdf/file
Pyaar Lafzon Mein Kahan Novel Pdf By Zarnoor Writers,https://drive.google.com/file/d/1vrZnjykcxFvhSNX_iILmfu4HSToHm4Me/view?usp=sharing,https://www.mediafire.com/file/s0c50mmcuec6hv6/Pyaar+Lafzon+Mein+Kahan+Novel+Pdf+By+Zarnoor+Writers.pdf/file
Jaan E Buraq Novel Pdf By Zarnoor Writers,https://drive.google.com/file/d/15JeiGsv0rk5Gd5wpiFOhsixCj2vDFQhI/view?usp=sharing,https://www.mediafire.com/file/ngjajq5tb8ejdcm/Jaan+E+Buraq+Novel+Pdf+By+Zarnoor+Writers.pdf/file
Rastay Aur Manzilen Novel Pdf By Hira Batool,https://drive.google.com/file/d/1LF7xdpdJ5-KJQ66VkPjZ2R3ph_1oWpAc/view?usp=sharing,https://www.mediafire.com/file/6yr5repw152abxp/Rastay+Aur+Manzilen+Novel+Pdf+By+Hira+Batool.pdf/file
Sitamgar Mehboob Mera Novel Pdf By Zarnoor Writers,https://drive.google.com/file/d/1EWiEnvwtauCq8--B8WFA5htLV7pA3Yqh/view?usp=sharing,https://www.mediafire.com/file/shgsfp8ofohcrwa/Sitamgar+Mehboob+Mera+Novel+Pdf+By+Zarnoor+Writers.pdf/file
Jab Hawa E Bahar Chalti Hai Novel Pdf By Aasia Mirza,https://drive.google.com/file/d/1Nc9FZvoFkYa93mN2RQAii7no4iv9OGZC/view?usp=sharing,https://www.mediafire.com/file/oo6849ymyjv6uoz/Jab_Hawa_E_Bahar_Chalti_Hai_Complete_Novel_Pdf_By_Aasia_Mirza.pdf/file
Mujhe Aitbar E Wafa Mile Novel pdf By Nabila Abar Raja,https://drive.google.com/file/d/19xJRWBCqXkPbI7_SKwk6dYNfglSkHdKT/view?usp=sharing,https://www.mediafire.com/file/uzomme3p935vyua/Mujhe_Aitbar_E_Wafa_Mile_Complete_Novel_By_Nabila_Abar_Raja.pdf/file
Aey Dhund Bhari Shaam Novel Pdf By Umme Maryam,https://drive.google.com/file/d/1XtP4EtUkO0Z250GSqioENbQv6vnHn-N9/view?usp=sharing,https://www.mediafire.com/file/xmix155bpl0q6t7/Aey_Dhund_Bhari_Shaam_Complete_Novel_By_Umme_Maryam.pdf/file
Dil E Nadaan Novel Pdf By Umme Maryam,https://drive.google.com/file/d/1a65VyXmcav-DufzAPbLMIj2fhtnaMeCd/view?usp=sharing,https://www.mediafire.com/file/mibwdlf6x9ndx92/Dil_E_Nadaan_Complete_Novel_By_Umme_Maryam.pdf/file
Shehr E Dil Ke Darwaze Novel pdf By Shazia Chaudhary,https://drive.google.com/file/d/1t68f6by9vqurDVAGDHU9oCgwA4iOF57R/view?usp=sharing,https://www.mediafire.com/file/82u2r3u8ttideq0/Shehr+e+dil+k+darwaze+by+Shazia+Chaudary.pdf/file
Dard Novel pdf By Nabila Abar Raja,https://drive.google.com/file/d/1DtrpmGZEHhRiFUv8SS05W6H_6wSRfBD5/view?usp=sharing,https://www.mediafire.com/file/brw6619ptn33tnp/Dard+by+Nabila+Abar+Raja.pdf/file
Mere Humnafas Novel pdf By Naila Tariq,https://drive.google.com/file/d/1ktteP6E7c4Gjd3KgHadEWcxDreXACBmK/view?usp=sharing,https://www.mediafire.com/file/pcsk4xnke95672d/Mery+humnafas+by+Naila+Tariq.pdf/file
Mere Raston Ko Gulab Kar Novel Pdf By Hina Malik,https://drive.google.com/file/d/1NMapNR5FT5KbUQzPw0DYRskBBsNYzw9y/view?usp=sharing,https://www.mediafire.com/file/xs13g4ztm2g90q7/mere+raston+ko+gulab+kar+by+hina+malik.pdf/file
Chalo Ab Badban kholen Novel pdf by Shazia Chaudhary,https://drive.google.com/file/d/1qmZxeyQ9xCa_h6ajDvuQSyIxFN2NGg_-/view?usp=sharing,https://www.mediafire.com/file/howr1hoevzipmma/chalo+badban+kholn+by+shazia+Chaudhary.pdf/file
Eid E Qurban Aur Humsafar Meharban Novel pdf By Naila Tariq,https://drive.google.com/file/d/1aPEii1HqeP26tDEbSafIq4t4_minCWJH/view?usp=sharing,https://www.mediafire.com/file/v9yrc064k8ql7n3/eid+e+qurban+aur+humsafar+meharban+by+naila+tariq.pdf/file
Munder Per Chand Novel pdf By Asma Qadri,https://drive.google.com/file/d/1G67BHZBvkMpKQBbqnqjSdaan-_uBxYjI/view?usp=sharing,https://www.mediafire.com/file/tuzgj9kfdc8wokk/Munder_Per_Chand_Complete_Novel_Pdf_By_Asma_Qadri.pdf/file
Jo Rasta Dil Ne Chuna Hai Novel Pdf By Asia Mirza,https://drive.google.com/file/d/1lnv0c3JCE-2VhchzL3JsGTK6cHRRDBU0/view?usp=sharing,https://www.mediafire.com/file/t2w4avpnmkqun2u/Jo_Rasta_Dil_Ne_Chuna_Hai_Complete_Novel_Pdf_By_Asia_Mirza.pdf/file
Aamra Novel pdf By Hina Malik,https://drive.google.com/file/d/1N-P5sggY1526-XNHpTj1oA3_vwp_5-bn/view?usp=sharing,https://www.mediafire.com/file/9dd1r469hqbmc6n/aamra+by+hina+malik..pdf/file
Khawab Jazeera Novel pdf By Farhana Naz Malik,https://drive.google.com/file/d/1GBx9MakGaiSIy2pkl1iSFmcZy9vuNpE1/view?usp=sharing,https://www.mediafire.com/file/23kr3l6j7ckqi2g/Khawab_Jazeera_Complete_Novel_Farhana_Naz_Malik.pdf/file
Dar E Umeed Kay Daryoozagar Novel Pdf By Aasia Mirza,https://drive.google.com/file/d/1-FbsKqs0Ett5LBM4f5DIN_XYoUOxcNm7/view?usp=sharing,https://www.mediafire.com/file/eo3rmyav6bqpvhi/Dar_E_Umeed_Kay_Daryoozagar_Complete_Novel_Pdf_By_Aasia_Mirza.pdf/file
Tum Ho Gaye Mere Novel pdf By Iqra Channa,https://drive.google.com/file/d/1ZqtJrs9Zbw5DBecREA3vdQRZMUF5ewEO/view?usp=sharing,https://www.mediafire.com/file/6pd91ou4484ro7z/Tum-ho-gaye-mere-by-Iqra-+Channa.pdf/file
Taqazy Dilon Ke Novel pdf By Nabila Abar Raja,https://drive.google.com/file/d/1sO-7-WZ1cqkZOxzTBE3TMACajPCV5tUb/view?usp=sharing,https://www.mediafire.com/file/khttary2mta3acm/Taqazy_Dilon_Ke_Complete_Novel_By_Nabila_Abar_Raja.pdf/file
Dil Darya Samandron Dungay Novel pdf By Iffat Sehar Pasha,https://drive.google.com/file/d/1-FSXq0tK02aa3B1RKrHX08088H0QIenr/view?usp=sharing,https://www.mediafire.com/file/4p1pqb32udtmffi/dil+darya+samandron+dongay+by+iffat+sehar+pasha.pdf/file
Chalo Zindagi Ko Mohabbat Bena Dein Novel pdf By Shazia Chaudhary,https://drive.google.com/file/d/1rRgJghBNbX7BKjG6GM1EqvWbImNPAYlj/view?usp=sharing,https://www.mediafire.com/file/94vqob7py5mion5/Chalo+Zindagi+Ko+Mohabbat+Bena+Dein+By+Shazia+Chaudhary.pdf/file
Mohabbat Jeet Hoti Hai Novel pdf By Nabila Abar Raja,https://drive.google.com/file/d/1kR5isfn-6c_lg1zJ8yc2N87re0YczXDr/view?usp=sharing,https://www.mediafire.com/file/l05n1u58rxwvoq2/Mohabbat+jeet+hoti+hai+by+Nabeela+Abar+Raja.pdf/file
Gar Ho Jaye Zoq E Nazar Zinda Novel pdf By Asma Qadri,https://drive.google.com/file/d/1WZNeFcSdiYDQZt-7p2oRvHfxSYKjQWVs/view?usp=sharing,https://www.mediafire.com/file/ps8ply5cckrsswo/Gar_Ho_Jaye_Zoq_E_Nazar_Zinda_Complete_Novel_By_Asma_Qadri.pdf/file
Kehkashan Se Saji Eid Novel pdf By Farhana Naz Malik,https://drive.google.com/file/d/1_jjPRPGdn6kFeZO0xu34IuCkXrAWOqXT/view?usp=sharing,https://www.mediafire.com/file/u9i8e4s4k8ocu5s/Kehkashan_Se_Saji_Eid_Complete_Novel_By_Farhana_Naz_Malik.pdf/file
Apna Ghar Novel pdf By Iffat Sehar Tahir,https://drive.google.com/file/d/1VjkuTQcuJ_nlL3zJ_miWWhLQN_hXwYpI/view?usp=sharing,https://www.mediafire.com/file/c98r2y67pyuieeo/apna+ghar+by+iffat+sehar.pdf/file
Qaim Yeh Aitbar Rahe Novel pdf By Farhat Ishtiaq,https://drive.google.com/file/d/1Z6morsBVtlRCeGzzI-Qv0QF0NUhFdaGh/view?usp=sharing,https://www.mediafire.com/file/p5b8xdu5txvazhw/Qaim+Yeh+Aitbar+Rahe+By+Farhat+Ishtiaq.pdf/file
Dil Hi To Hai Na Sang O Khisht Novel Pdf By Farhat Ishtiaq,https://drive.google.com/file/d/1lPBYODNAIC8dIE-XFZ4S-7KYD-9RTaFQ/view?usp=sharing,https://www.mediafire.com/file/s587jpqug80l8ly/Dil+to+Hai+Na+Sang-o-Khisht+by+Farhat+Ishtiaq.pdf/file
Beghair Unwan Kay Novel pdf By Ghazal Yasir Malik,https://drive.google.com/file/d/14ejPfF0CCI_tOQBSGUqyiXrv6EdySXVW/view?usp=sharing,https://www.mediafire.com/file/iuyv5q79h9b542f/Beghair+unwan+kay+by+ghazal+yasir+malik.pdf/file
Roshan Din Aur Jhilmil Raatein Novel pdf By Ghazal Yasir Malik,https://drive.google.com/file/d/1Q0-1bXSttuPCsQexrQE29f1yVTSs3gCz/view?usp=sharing,https://www.mediafire.com/file/004d8axpeunsgcp/Roshan+din+aur+jhilmhil+raten+by+Ghazal+Yasir+Malik.pdf/file
Kai Chiragh Jal Gaye Novel pdf By Asma Qadri,https://drive.google.com/file/d/1gojt7Yjed6PM2aiicP3PwtJV9miA26FV/view?usp=sharing,https://www.mediafire.com/file/by4d95qj6w11gob/Kai_Chiragh_Jal_Gaye_Complete_Novel_By_Asma_Qadri.pdf/file
Tere Naam Ki Shohrat Novel pdf By Shazia Chaudhary,https://drive.google.com/file/d/1w246nBrrmEozMT1XMGUbEDBUuVa5RlP3/view?usp=sharing,https://www.mediafire.com/file/s70o6dg6iw7f7q2/Tere+Nam+Ki+Shohrat+by+Shazia+Chaudhary.pdf/file
Ik Larki Kuch Dewani Si Novel pdf By Iffat Sehar Malik,https://drive.google.com/file/d/1gyB1vx7j1jCWmSty2Oo4Rsrqa4gketAL/view?usp=sharing,https://www.mediafire.com/file/fby6it11maeuixe/ek+larki+kuch+dewani+c.pdf/file
Kahan Tha Warna Hamen Gawara Novel pdf By Nabila Abar Raja,https://drive.google.com/file/d/1oA1Iw_2Te3bqhMizxK9rPdHeqicvaQv4/view?usp=sharing,https://www.mediafire.com/file/mpc0wkh96q0ihn8/Kahan+tha+warna+hamen+gawara+by+Nabila+Abar+Raja.pdf/file
Khwahishon Key Gardab Mein Novel pdf By Asma Qadri,https://drive.google.com/file/d/1SGEs_erRJkDohohUMLvNqFno0Uvg3B3j/view?usp=sharing,https://www.mediafire.com/file/hmzzbomb28ssb47/Khwahishon_Key_Gardab_Mein_Complete_Novel_By_Asma_Qadri.pdf/file
Main Bhala Kon Hoon Novel pdf By Shazia Chaudhary,https://drive.google.com/file/d/1TYYP7eX5KS_oqE39f4dM11SsYbe1e6KY/view?usp=sharing,https://www.mediafire.com/file/powc1pid4pf9w22/Main+Bhala+Kon+Hon+By+Shazia+Chaudhry.pdf/file
Ik Roshan Sitara E Saiban Novel pdf By Asma Qadri,https://drive.google.com/file/d/1VFA0Z9_RFFvibVgdGIzP40fk65Qh5jlv/view?usp=sharing,https://www.mediafire.com/file/q9q1sk9o6kjdmsj/Ik_Roshan_Sitara_E_Saiban_Complete_Novel_By_Asma_Qadri.pdf/file
Teri Chahat Ki Chandani Novel pdf By Iqra Sagheer Ahmed,https://drive.google.com/file/d/1TeG0B_uRcKTCIGWXLRlNm5XF_easa_F-/view?usp=sharing,https://www.mediafire.com/file/jbqnicvfj5wypmp/Teri+chahat+ki+chandani+by+Iqra+Sagheer+Ahmed.pdf/file
Kuch Pagal Pagal Se Novel pdf By Farhat Ishtiaq,https://drive.google.com/file/d/1JYY2JRpeHALVtFgloi6BrUCCix1S5PrN/view?usp=sharing,https://www.mediafire.com/file/ielevz8l3wve0gr/Kuch+pagal+pagal+se+by+Farhat+Ishtiaq.pdf/file
Pohnchi Wahen Pe Khaak Novel pdf By Iffat Sehar Pasha,https://drive.google.com/file/d/1dHKhLqfUxTs-agPpNDFz1JvPbcNi9HN6/view?usp=sharing,https://www.mediafire.com/file/m3zxbf9nuvu78pd/Pohnchi+wahen+pe+khak+by+Iffat+Sehar+Pasha.pdf/file
Yeh Shadi Ho Kar Rahy Gi Novel pdf By Iffat Sehar Tahir,https://drive.google.com/file/d/1_wXzqI-LjVyrPisg-AeKMPTRiIgincUb/view?usp=sharing,https://www.mediafire.com/file/xffzeemcu1k1se3/yeh+shadi+ho+kar+rahy+gi+by+Effat+sehar+tahir.pdf/file
Toot Ke Barsa Sawan Novel pdf By Ghazal Yasir Malik,https://drive.google.com/file/d/1IOpTw7iC1AhgQp36s4pWGkA-sEeY69uV/view?usp=sharing,https://www.mediafire.com/file/gcz72a30a51fdxq/Toot+ke+barsa+sawan+by+Ghazal+yasir+malik.pdf/file
Nazriya E Zaroorat Novel pdf By Nabila Abar Raja,https://drive.google.com/file/d/1hUjMBOSsWG30xtPM5X3qb-zejZ0lXNx_/view?usp=sharing,https://www.mediafire.com/file/jmmrnkh0a8l4xst/Nazriya+e+zaroorat+by+Nabila+Abar+Raja.pdf/file
Badla Mere Hamraz Ka Rang Novel pdf By Farhat Ishtiaq,https://drive.google.com/file/d/19wWVUhD6jMtJ365aNQaNOtZM4sgjnCCA/view?usp=sharing,https://www.mediafire.com/file/xn2isx30zhfb8pg/Badla+meray+hamraz+ka+rang+by+Farhat+Ishtiaq.pdf/file
Hardy Ka Iqrar Novel pdf By Hina Malik,https://drive.google.com/file/d/1xViF6k9JmwP4e2CNUPUJznmS29i5y1Yn/view?usp=sharing,https://www.mediafire.com/file/lmzrb9bcstvxq7f/Harde+ka+Iqrar+by+Hina+Malik.pdf/file
Panion Key Musafir Novel pdf By Shazia Chaudhary,https://drive.google.com/file/d/1tKaW7Dtm_qyD0eBpnln3TP1oL9_EIIMG/view?usp=sharing,https://www.mediafire.com/file/bwwpafb7j88v707/Panion_Key_Musafir_Free_PDF_By_Shazia_Chaudhary.pdf/file
Band Muthi Mein Jugnu Rakhna Novel pdf By Iqra Sagheer Ahmed,https://drive.google.com/file/d/1kX_0YDPLnHDGZGMufqxsUEZMgK255ILt/view?usp=sharing,https://www.mediafire.com/file/uvui0l04d08pbx6/band+muthi+main+jugnoo+rakhna+by+iqra+sagheer+ahmed+(2).pdf/file
Khwab Khwahish Aur Zindagi Novel Pdf By Asma Qadri,https://drive.google.com/file/d/1Tv6H7DzoX7qUBg-hhBCCzMsHEtzvKkk1/view?usp=sharing,https://www.mediafire.com/file/6azkd1sltpt9eyi/Khwab_Khwahish_Aur_Zindagi_Complete_Novel_By_Asma_Qadri.pdf/file
Mohabbat Zad E Hayat Novel pdf By Iqra Sagheer Ahmed,https://drive.google.com/file/d/1nigjeh63KJzNowfXsgC4tcb7j1C11Xg_/view?usp=sharing,https://www.mediafire.com/file/73oa59plj1jix3b/mohabbat+zad+e+hayat.pdf/file
Kaffara pdf By Asma Qadri,https://drive.google.com/file/d/1SXqM_KIgrcJFaC5h4OP50sLeQJbx2fU_/view?usp=sharing,https://www.mediafire.com/file/p2d6dkos0t92qb6/Kaffara_Complete_Novel_Pdf_By_Asma_Qadri.pdf/file
Bas Ik Rang E Mohabbat Novel pdf By Naila Tariq,https://drive.google.com/file/d/12PjjpZvQMSTESrT8TWtQgNkksxG3DiYz/view?usp=sharing,https://www.mediafire.com/file/czwpdd0o3dvhxsw/Bas_Ik_Rang_E_Mohabbat_Complete_Novel_By_Naila_Tariq.pdf/file
Lo Humne Jeewan Haar Dia Novel pdf By Iffat Sehar Tahir,https://drive.google.com/file/d/1G_I9VK7jefkhfY9C4s9HTwWe9mKlVCHM/view?usp=sharing,https://www.mediafire.com/file/wez4o5pwly45xo9/Lo+humne+jeewan+haar+dia+by+Iffat+sehar+tahir.pdf/file
Yeh Sharakat Gawara Hai Muje Novel Pdf By Farhat Ishtiaq,https://drive.google.com/file/d/1mrE1AjQl5EM7pwIhQ7Yrp8jcc77xaI2O/view?usp=sharing,https://www.mediafire.com/file/0ah4yfi5fhknw3l/Yeh+sharakat+gawara+hai+mujhy+by+Farhat+Ishtiaq.pdf/file
Poora Dukh Aur Adha Chand Novel pdf By Iffat Sehar Pasha,https://drive.google.com/file/d/1V7N1VXoUTte9Mi14B54h5F_WrmDPAy7N/view?usp=sharing,https://www.mediafire.com/file/tyav3jzqro04vcn/pora+dukh+aur+ada+chand+by+Iffat+Sehar+Pasha.pdf/file
Mery Chehray Ke Sat Rang Novel Pdf By Ghazal Yasir Malik,https://drive.google.com/file/d/1ANDDhcUaIbiSIamXiV7AXR_dhAt7MGX1/view?usp=sharing,https://www.mediafire.com/file/x6q1s2of5mv02w0/Mery+chehray+key+sat+rang+by+Ghazal+Yasir+Malik.pdf/file
Funkaar pdf By Asma Qadri,https://drive.google.com/file/d/1zgEshPlVX32bReGRXKdkIiW7O8tv9IsB/view?usp=sharing,https://www.mediafire.com/file/0dwfl19tw9gwo3b/Funkaar_Complete_Novel_By_Asma_Qadri.pdf/file
Dil Ke Is Khail Mein Novel pdf By Asma Qadri,https://drive.google.com/file/d/11YTnU9lfHPRlId3H2-_6GFP8ak-bKmQI/view?usp=sharing,https://www.mediafire.com/file/frdbpav8pi0xvah/Dil_Ke_Is_Khail_Mein_Complete_Novel_By_Asma_Qadri.pdf/file
Dehshat Nagar Novel pdf By Asma Qadri,https://drive.google.com/file/d/1_Ch-vrBUzekhIPUWcK6MG7xurZ5fMUeJ/view?usp=sharing,https://www.mediafire.com/file/ex95ovt4toy0dxo/Dehshat_Nagar_Complete_Novel_By_Asma_Qadri.pdf/file
Nahi Ho Bewafa Magar Novel pdf By Naila Tariq,https://drive.google.com/file/d/1tlAuN6v6X_Vgg_JChlEaWxyBNx9cwKwR/view?usp=sharing,https://www.mediafire.com/file/22ro31h60d0u563/Nahi_ho_bewafa_magar_by_Naila_Tariq.pdf/file
Dewar Ke Us Par Novel pdf By Shazia Chaudhary,https://drive.google.com/file/d/1D8n8-AyLNNT3s_Lekjfs0y4ueA2E-HIC/view?usp=sharing,https://www.mediafire.com/file/hzk90rc87fpzl0e/Deewar_Ke_Us_Paar_Complete_Novel_Pdf_By_Shazia_Chaudhary.pdf/file
Aa Gaye Hain Nikhar Ne Mausam Novel Pdf By Shazia Chaudhary,https://drive.google.com/file/d/1EKzy1w__aXTBOIpQyjoNezO7pgvueVUQ/view?usp=sharing,https://www.mediafire.com/file/wzhvvryvyz736sq/Aa_Gaye_Hain_Nikhar_Ke_Mausam_Complete_Novel_Pdf_By_Shazia_Chaudhary.pdf/file
Aanchal Main Jugnoo Novel pdf By Shazia Chaudhary,https://drive.google.com/file/d/1F327GZH4UdIJOaWVbkDe1L06etwEdou6/view?usp=sharing,https://www.mediafire.com/file/kw23lg3f5xrf5qj/Aanchal_Main_Jugnoo_Free_PDF_By_Shazia_Chaudhary.pdf/file
Yeh Dharti Hamari Maan Novel Pdf By Umme Maryam,https://drive.google.com/file/d/1dLJTUEqBUJHaE8ohnGDkEPmZs6Ng9YRD/view?usp=sharing,https://www.mediafire.com/file/ug253bermpxvudl/Yeh_Dharti_Hamari_Maan_Complete_Novel_By_Umme_Maryam.pdf/file
Kuch Anhonay khawab Novel Pdf By Asia Mirza,https://drive.google.com/file/d/1a6GohxR5vq-Kmn-xKlXQKSN9rgw-qXCD/view?usp=sharing,https://www.mediafire.com/file/fjzfflnimhd0m6m/Kuch_anhonay_khawab_Complete_Novel_Pdf_By_Asia_Mirza.pdf/file
Sohnay Mahi Da Khayal Novel Pdf By Shazia Chaudhary,https://drive.google.com/file/d/1ajQXokKp-UFlMDvbBXkhBstnQopvyvKG/view?usp=sharing,https://www.mediafire.com/file/eokzlp2s0l5qw6q/Sohnay-mahi-da-khyal-by-shazia-chaudhary.pdf/file
Khoobsoorat Ghalti Novel pdf By Shazia Chaudhary,https://drive.google.com/file/d/19-qsk48jw3Re4D66Aq-I3QJLFL3uLBnr/view?usp=sharing,https://www.mediafire.com/file/4imoeumqqidisgq/Khoobsoorat_Ghalti_Complete_Novel_By_Shazia_Chaudhary.pdf/file
Khoya Khoya Meri Eid Ka Chand Novel pdf By Naila Tariq,https://drive.google.com/file/d/1s3ERbZs_hFR6tw2m-U0oVMDDQiJrQG6f/view?usp=sharing,https://www.mediafire.com/file/n1rjse6590xyf2e/khoya+khoya+meri+eid+ka+chand+by+naila+tariq+(2).pdf/file
Gulab Lamhon Ki Zad Mein Novel Pdf By Farhana Naz Malik,https://drive.google.com/file/d/1dld3jeB886ymJRfcNjuhiYkyoGWUpBuH/view?usp=sharing,https://www.mediafire.com/file/9st3p607zt74v2i/Gulab_Lamhon_Ki_Zad_Mein_Complete_Novel_By_Farhana_Naz_Malik.pdf/file
Dard E Bekaran Novel Pdf By Asma Qadri,https://drive.google.com/file/d/1u5nnstVNZYAb3cP2kNyeR0x1Rg9WuOKR/view?usp=sharing,https://www.mediafire.com/file/sga8oh0qn01576x/Dard_E_Bekaran_Complete_Novel_By_Asma_Qadri.pdf/file
Teri Chah Mein Novel pdf By Farhana Naz Malik,https://drive.google.com/file/d/1toJ6yMKJ2bRhCwaGU5dp3TZ-EuZoUAUJ/view?usp=sharing,https://www.mediafire.com/file/hy9kgohsaij8zrv/Teri+chah+mein+by+Farhana+Naz(2).pdf/file
Kinara Dasht E Tamanna Ka Novel Pdf By Aasia Mirza,https://drive.google.com/file/d/108IN-7xEsTCqdp4YLmaRNsB1EcfWuOGF/view?usp=sharing,https://www.mediafire.com/file/lv6cfxh8npdprqu/Kinara_Dasht_E_Tamanna_Ka_Complete_Novel_Pdf_By_Aasia_Mirza.pdf/file
Hum Mohtabar Thehray Novel Pdf By Umme Maryam,https://drive.google.com/file/d/1c3dJUB8E9LTere0bEWMHI4b652nrjLz9/view?usp=sharing,https://www.mediafire.com/file/j61bllolp5cctk7/Hum_Mohtabar_Thehray_Complete_Novel_By_Umme_Maryam.pdf/file
Kon Se Ansoo Us Key They Novel Pdf By Nabila Abar Raja,https://drive.google.com/file/d/1XI1EGmzYAvIWvIZ4PAdZJt5A8DFQ95TC/view?usp=sharing,https://www.mediafire.com/file/ougxovoeckys2ia/Kon+se+aansu+us+ke+they+by+Nabila+Abar+Raja.pdf/file
Baharain Lout Aai Hain Novel pdf By Iffat Sehar Pasha,https://drive.google.com/file/d/1C3fk0o66g3mRfqCVxqPioDR8FvG_V3EV/view?usp=sharing,https://www.mediafire.com/file/511n8x1xx7vmcbh/Baharain+Lout+Ain+Hain+by+iffat+sehar+(2).pdf/file
Watan Ki mitti Gawah Rehna Novel pdf By Umme Maryam,https://drive.google.com/file/d/1lfsALh5RCe5Jvv5EU-gWl7v6CuVxhqOD/view?usp=sharing,https://www.mediafire.com/file/nr9ef56jkkc37zu/Watan_Ki_mitti_Gawah_Rehna_Compete_Novel_By_Umme_Maryam.pdf/file
Zindagi Ke Rang Novel pdf By Nabila Abar Raja,https://drive.google.com/file/d/15rGWAVGB1x8o-XfyLeGwR-LktFwN0fCU/view?usp=sharing,https://www.mediafire.com/file/whf2n6ghahdropb/Zindagi_Ke_Rang_Complete_Novel_By_Nabila_Abar_Raja.pdf/file
Dil Darya Ke Beech Novel pdf By Umme Maryam,https://drive.google.com/file/d/1NG0MbJXqxH-QRZDQt1cHHbpRK4lkv2yf/view?usp=sharing,https://www.mediafire.com/file/yupihn50y2ur816/Dil_Darya_Ke_Beech_Complete_Novel_By_Umme_Maryam.pdf/file
Tere Ikhtyar Ka Mausam Novel pdf By Afshan Afridi,https://drive.google.com/file/d/13GalWjKLKdkLvOwJwYtg8fCwddIj4Rr7/view?usp=sharing,https://www.mediafire.com/file/j2767zps1u5kqjt/Tere_Ikhtiyar_Ka_Mausam_Complete_Novel_Pdf_By_Afshan_Afridi.pdf/file
Pagal Dil Mera Novel pdf By Farhana Naz Malik,https://drive.google.com/file/d/1XO_tPMP5KX2Rf5YATa3wb6B91koKyBOp/view?usp=sharing,https://www.mediafire.com/file/h1111ft73nrehhn/Pagal_Dil_Mera_Complete_Novel_By_Farhana_Naz_Malik.pdf/file
Aleena Aur Main Novel pdf By Farhana Naz Malik,https://drive.google.com/file/d/1HatJwLGPtcWtNtso3OfSQ-7mbtZbu4yF/view?usp=sharing,https://www.mediafire.com/file/u7sgvrdbl8zjkxp/Aleena_Aur_Main_Complete_Novel_Pdf_By_Farhana_Naz_Malik.pdf/file
Waris Novel pdf By Asma Qadri,https://drive.google.com/file/d/1aRxGckr4BETVH-K105LFv0qoLYhLepBd/view?usp=sharing,https://www.mediafire.com/file/htaowhustr0e96d/Waris_Complete_Novel_Pdf_By_Asma_Qadri.pdf/file
Wo Shareek E Raah E Safar Huy Novel pdf By Naila Tariq,https://drive.google.com/file/d/1Ebn5DlgIKQ2NILV20h39f7LV76kwLT6v/view?usp=sharing,https://www.mediafire.com/file/xls5iydynp5q00h/Wo_Shareek_E_Raah_E_Safar_Huy_Complete_Novel_By_Naila_Tariq.pdf/file
Murawat Nibhane Ka Mousam Nahi Novel pdf By Shazia Chaudhary,https://drive.google.com/file/d/1mIW9xoQ2wWSfuvcRhdlXR344AfGFaaTy/view?usp=sharing,https://www.mediafire.com/file/3uxd3dte5b723cn/Murawat_Nibhane_Ka_Mousam_Nahi_Complete_Novel_By_Shazia_Chaudhary.pdf/file
Bisat E Dil Bhi Ajeeb Shay Hai Novel pdf by Afshan Afridi,https://drive.google.com/file/d/1nHZr_o8B-hy5kXvwjjNbDEWcjPHxj4e2/view?usp=sharing,https://www.mediafire.com/file/eg3pr1i7jspr1dz/Bisat_E_Dil_Bhi_Ajeeb_Shay_Hai_Free_PDF_By_Afshan_Afridi.pdf/file
Nawa E Zeest Novel Pdf By Farhana Naz Malik,https://drive.google.com/file/d/1c55xfRKXMiO5aoiMrUJNusN4mdd5AO2I/view?usp=sharing,https://www.mediafire.com/file/ld5jdsiunimxwd2/Nawa_E_Zeest_Complete_Novel_Pdf_By_Farhana_Naz_Malik.pdf/file
Mujhe Hai Hukam E Azaan Novel Pdf By Umme Maryam,https://drive.google.com/file/d/1CiKRBT4L0tU4p0oFfu48YrVvYnauq-hf/view?usp=sharing,https://www.mediafire.com/file/oto56srwjdt3lm8/Mujhe_hai_hukam_e_azaan_by_Umme_Maryam_Complete.pdf/file
Ajab Hai Dard Mohabbat Ka Novel pdf By Asia Mirza,https://drive.google.com/file/d/1B0Ep428DhjUNicXnHpg_DBVNJldoDO-3/view?usp=sharing,https://www.mediafire.com/file/o9xd550ed23nxbt/Ajab_Hai_Dard_Mohabbat_Ka_Complete_Novel_Pdf_By_Asia_mirza.pdf/file
Saans Sarak Or Sakoot Novel pdf By Naila Tariq,https://drive.google.com/file/d/16j2c4BobhLcAT0IpoLFHJ0Cv_SathC8I/view?usp=sharing,https://www.mediafire.com/file/fnpm6efz9mbm8m2/Saans_Sarak_Or_Sakoot_Complete_Novel_By_Naila_Tariq.pdf/file
Aabnos Novel Free Pdf By Mirha Kanwal Complete,"https://drive.google.com/file/d/1iLYxjfAkII_EjvKwEzEA_G-fRq5nbLof/view?usp=sharing, https://drive.google.com/file/d/18GqvU3gwh6ZqZ1nQahsm8cGHr6yPUz2j/view?usp=sharing",https://www.mediafire.com/file/tnpea1rvm6t273p/Aabnos+Novel+By+Mirha+Kanwal.pdf/file
Ishq Aatish Novel Pdf By Sadia Rajpoot,https://drive.google.com/file/d/15toNVH74m3xkcv9zOgbHFL0IsjX35ZcO/view?usp=sharing,https://www.mediafire.com/file/dxjuhmi2vdgpphj/Ishq+Aatish+Novel+Pdf+By+Sadia+Rajpoot.pdf/file
Wafaien Na BeYaqeen Hon Gi Novel pdf By Afshan Afridi,https://drive.google.com/file/d/1WQHDa0C3qP4dJGNJN6t8dnVzlTatNijJ/view?usp=sharing,https://www.mediafire.com/file/jywoqpdb4po7ky5/Wafaien+Na+BeYaqeen+Hon+Gi+Novel+pdf+By+Afshan+Afridi.pdf/file
Agar Keh Do Novel pdf By Afshan Afridi,https://drive.google.com/file/d/1ltYKTP_CogZ4Mk35aHZNnQsPedM_nh0p/view?usp=sharing,https://www.mediafire.com/file/69f847xfpa2twvy/Agar+Keh+Do+Novel+pdf+By+Afshan+Afridi.pdf/file
Dil Aisa Nagar Nahi Novel Pdf By Afshan Afridi,https://drive.google.com/file/d/1RjGV0ElmuWFwZNVIjMsgcsEhD2bLlFrD/view?usp=sharing,https://www.mediafire.com/file/v95bdt7lz6j0na2/Dil+Aisa+Nagar+Nahi+Novel+Pdf+By+Afshan+Afridi.pdf/file
Wapsi Novel pdf By Umme Maryam,https://drive.google.com/file/d/1LmMxqhVXLaZwlvGe4cjyNktKPzBF7xLk/view?usp=sharing,https://www.mediafire.com/file/5tlrco5s01kivrq/Wapsi+by+Umme+Maryam.pdf/file
Mohabbat Ka Sukhan Novel pdf By Amna Riaz,https://drive.google.com/file/d/1d-GvpkDeHekWPF99Y6zMCnmoy3XjPDth/view?usp=sharing,https://www.mediafire.com/file/dxu1qlv33d6byqc/Mohabbat+Ka+Sukhan+Novel+pdf+By+Amna+Riaz.pdf/file
Sitara E Sham Novel pdf By Amna Riaz,https://drive.google.com/file/d/1gK-YvNZo8AxdBZldiubJeOipqvkSCZ7v/view?usp=sharing,https://www.mediafire.com/file/a96cwfjdjfiz4uy/Sitara+E+Sham+Novel+pdf+By+Amna+Riaz.pdf/file
Jo Rasta Dil Ne Chuna Hai pdf Novel By Asia Mirza,"https://drive.google.com/file/d/1iLYxjfAkII_EjvKwEzEA_G-fRq5nbLof/view?usp=sharing, https://drive.google.com/file/d/1sE_kKRNpjnr81-dP0_anE0aHB5tQm0ji/view?usp=sharing",https://www.mediafire.com/file/uuq483gxb9np3eb/Jo+Rasta+Dil+Ne+Chuna+Hai+pdf+Novel+By+Asia+Mirza.pdf/file
Pichlay Pehar Ka Chand Novel Pdf By Riffat Naheed Sajjad,https://drive.google.com/file/d/1mkhFh1lgL8PQiBPse7L1sEi21MsVs0f-/view?usp=sharing,https://www.mediafire.com/file/1uc1ts2rtozucg9/Pichlay+Pehar+Ka+Chand+Novel+Pdf+By+Riffat+Naheed+Sajjad.pdf/file
Birqish Novel pdf By Kitab Chehra,https://drive.google.com/file/d/1i47bix_pbMsxPMCAkeaGWP3NVMEkF7iL/view?usp=sharing,https://www.mediafire.com/file/a298u9jdlzlwiva/Birqish+Novel+pdf+By+Kitab+Chehra.pdf/file
Panah Novel Free pdf By Nabila Aziz,"https://drive.google.com/file/d/1iLYxjfAkII_EjvKwEzEA_G-fRq5nbLof/view?usp=sharing, https://drive.google.com/file/d/17fQuYuqtq2d8Zolg7-cbOAnS5uUwXfFr/view?usp=sharing",https://www.mediafire.com/file/fk0346baw8f30dq/Panah+Novel+Free+pdf+By+Nabila+Aziz.pdf/file
Tajdeed E Zindagi Novel Pdf By Nabila Aziz,"https://drive.google.com/file/d/1iLYxjfAkII_EjvKwEzEA_G-fRq5nbLof/view?usp=sharing, https://drive.google.com/file/d/1NeI5q8BHo41QQkkGXMaoPqsHh0fwY2Mv/view?usp=sharing",https://www.mediafire.com/file/fs4xel5v5ltkfwz/Tajdeed+E+Zindagi+Novel+Pdf+By+Nabila+Aziz.pdf/file
Be Dagh Novel pdf By Nabeela Aziz,"https://drive.google.com/file/d/1iLYxjfAkII_EjvKwEzEA_G-fRq5nbLof/view?usp=sharing, https://drive.google.com/file/d/1Cfu6yC_Xk1WvlVWMFLm0b_tL781dgdy4/view?usp=sharing",https://www.mediafire.com/file/9gl3lajf6yuoccp/Be+Dagh+Novel+pdf+By+Nabeela+Aziz.pdf/file
Badguman Novel pdf by Zain Zia,https://drive.google.com/file/d/1JqZXn9yy2a_xcAHJCDnu9JDINYukbX6n/view?usp=sharing,https://www.mediafire.com/file/jdpq9h35034gya3/Badguman_Novel_pdf_by_Zain_Zia.pdf/file
Haan Tum Mujhe Qabool Ho Novel pdf By Shazia Chaudhary,https://drive.google.com/file/d/1cRuKgN7i4uTWdZcUfMR6VqsGPDqF99ib/view?usp=sharing,https://www.mediafire.com/file/dxdjxapm8o7ezr3/Haan+Tum+Mujhe+Qabool+Ho+Novel+pdf+By+Shazia+Chaudhary.pdf/file
Koi Na Aisa Ishq Kare Novel pdf by Kanwal Akram,https://drive.google.com/file/d/19kmgfZd_8Gr5haFEW02lAQh9ffQ9-hu6/view?usp=sharing,http://www.mediafire.com/file/4xx1dxw0vuubl3r/Koi_Na_Aisa_Ishq_Kare_Novel_pdf_by_Kanwal_Akram.pdf/file
Teesri Manzil novel pdf by Noor Ul Huda,https://drive.google.com/file/d/1OHi9gGwCZO-le5nTFzYwNvwKl2qdTuMK/view?usp=sharing,http://www.mediafire.com/file/d9xtmeuguonmd8o/Teesri+Manzil+novel+pdf+by+Noor+Ul+Huda.pdf/file
Yaaram novel free pdf by Sumaira Hameed,https://drive.google.com/file/d/1tmgdjYuKbYOKA-mG92_NQx6484Z6KWn2/view?usp=sharing,https://www.mediafire.com/file/7p6f0no0ob0ro79/Yaaram+novel+free+pdf+by+Sumaira+Hameed.pdf/file
Inteqam novel free Pdf by Iqra Khan,https://drive.google.com/file/d/1o56ahlHktoYl1tqenN2QCmybzNIg7ubS/view?usp=sharing,No Mediafire Link
Ishqam Novel Free pdf by Shahnila Arman,https://drive.google.com/file/d/1qYNL4BdWbLzE9pxIyFlSosBL7asZIJsJ/view?usp=sharing,http://www.mediafire.com/file/gau474cdqjoiduw/Ishqam_Novel_Free_pdf_by_Shahnila_Arman.pdf/file
Rishta Yaqeen Ka Novel free pdf by Noor ul Ain,https://drive.google.com/file/d/1jXsilZwkAJhjNSKuXEyO3CvJjKrd08WG/view?usp=sharing,http://www.mediafire.com/file/eir2v71pxh4o2lf/Rishta_Yaqeen_Ka_Novel_free_pdf_by_Noor_ul_Ain.pdf/file
